VendorId,tpep_pickup_datetime,tpep_dropoff_datetime,passenger_count,trip_distance,fare_amount,extra,tip_amount,improvement_surcharge,total_amount
1,2024-01-20T01:09:18.000,2024-01-20T01:10:15.000,1,0.0,60.0,0.0,12.2,1.0,73.2
1,2024-01-31T00:24:59.000,2024-01-31T00:51:31.000,2,7.6,33.1,3.5,5.0,1.0,43.1
2,2024-01-18T14:19:39.000,2024-01-18T14:22:30.000,1,0.29,4.4,0.0,2.1,1.0,10.5
2,2024-01-25T02:09:16.000,2024-01-25T02:10:56.000,1,0.43,4.4,1.0,2.82,1.0,12.22
2,2024-01-20T16:00:26.000,2024-01-20T16:13:14.000,1,3.31,17.0,0.0,0.0,1.0,21.0
2,2024-01-18T17:05:52.000,2024-01-18T17:18:28.000,1,1.44,12.8,2.5,3.86,1.0,23.16
2,2024-01-31T17:03:39.000,2024-01-31T17:31:18.000,1,10.38,42.2,2.5,9.24,1.0,57.19
2,2024-01-11T11:54:42.000,2024-01-11T12:09:58.000,3,1.61,14.9,0.0,0.0,1.0,18.9
1,2024-01-19T15:35:40.000,2024-01-19T15:47:28.000,1,1.6,12.8,2.5,3.35,1.0,20.15
2,2024-01-10T09:36:13.000,2024-01-10T09:44:49.000,1,2.1,11.4,0.0,3.08,1.0,18.48
2,2024-01-23T14:24:31.000,2024-01-23T14:25:41.000,1,0.0,-3.0,0.0,0.0,-1.0,-4.5
1,2024-01-23T19:16:37.000,2024-01-23T19:33:09.000,1,2.4,16.3,5.0,1.0,1.0,23.8
1,2024-01-20T20:29:57.000,2024-01-20T21:05:35.000,2,3.7,28.9,3.5,1.0,1.0,34.9
2,2024-01-12T19:48:17.000,2024-01-12T19:56:19.000,1,1.23,10.0,2.5,3.3,1.0,19.8
2,2024-01-31T09:24:23.000,2024-01-31T09:37:31.000,1,0.68,12.1,0.0,1.0,1.0,17.1
2,2024-01-05T17:30:58.000,2024-01-05T18:18:41.000,1,5.01,41.5,2.5,0.0,1.0,54.94
2,2024-01-23T10:47:38.000,2024-01-23T10:55:18.000,1,0.49,-8.6,0.0,0.0,-1.0,-12.6
1,2024-01-31T11:22:55.000,2024-01-31T12:05:36.000,1,3.7,22.5,0.0,0.0,1.0,24.0
2,2024-01-14T01:17:25.000,2024-01-14T01:28:51.000,1,3.44,16.3,1.0,4.26,1.0,25.56
1,2024-01-04T17:36:57.000,2024-01-04T17:40:09.000,1,0.6,5.8,5.0,2.45,1.0,14.75
2,2024-01-22T10:43:04.000,2024-01-22T10:48:25.000,1,1.13,7.9,0.0,0.0,1.0,11.9
2,2024-01-26T10:05:00.000,2024-01-26T10:49:08.000,1,6.74,42.2,0.0,0.0,1.0,46.2
2,2024-01-21T10:28:48.000,2024-01-21T11:08:09.000,1,19.93,70.0,0.0,24.28,1.0,105.22
2,2024-01-22T19:39:16.000,2024-01-22T19:39:27.000,1,0.05,70.0,5.0,12.0,1.0,99.69
2,2024-01-29T18:15:47.000,2024-01-29T18:36:27.000,1,3.38,-20.5,-2.5,0.0,-1.0,-27.0
2,2024-01-27T03:33:07.000,2024-01-27T03:38:16.000,1,1.35,7.9,1.0,2.58,1.0,15.48
2,2024-01-08T16:25:04.000,2024-01-08T16:32:43.000,1,1.3,9.3,2.5,3.95,1.0,19.75
1,2024-01-20T15:57:06.000,2024-01-20T16:03:23.000,1,0.9,7.9,2.5,1.0,1.0,12.9
2,2024-01-23T12:09:19.000,2024-01-23T12:14:42.000,3,0.64,6.5,0.0,1.0,1.0,11.5
1,2024-01-19T15:05:12.000,2024-01-19T16:08:40.000,1,24.9,70.0,4.25,16.5,1.0,99.19
2,2024-01-30T19:55:44.000,2024-01-30T19:58:35.000,1,0.92,5.8,2.5,3.0,1.0,15.3
2,2024-01-22T09:06:59.000,2024-01-22T09:11:25.000,2,0.44,5.8,0.0,1.96,1.0,11.76
2,2024-01-12T13:28:51.000,2024-01-12T13:54:58.000,2,10.23,42.9,5.0,12.12,1.0,72.71
2,2024-01-17T21:23:29.000,2024-01-17T21:54:40.000,1,6.96,35.2,1.0,2.0,1.0,42.2
1,2024-01-26T22:56:00.000,2024-01-26T23:02:39.000,0,1.0,8.6,3.5,0.0,1.0,13.6
1,2024-01-17T13:31:59.000,2024-01-17T13:44:27.000,1,0.9,12.1,2.5,3.5,1.0,19.6
1,2024-01-08T07:10:55.000,2024-01-08T07:21:05.000,1,2.2,12.1,2.5,4.03,1.0,20.13
2,2024-01-08T21:10:01.000,2024-01-08T21:26:44.000,1,2.65,17.0,1.0,0.0,1.0,22.0
2,2024-01-09T20:09:26.000,2024-01-09T20:16:29.000,1,1.16,8.6,1.0,0.0,1.0,13.6
2,2024-01-28T08:27:09.000,2024-01-28T08:27:15.000,1,0.0,70.0,0.0,0.0,1.0,74.0
2,2024-01-31T18:02:08.000,2024-01-31T18:10:13.000,1,0.96,9.3,2.5,3.16,1.0,18.96
2,2024-01-29T08:22:42.000,2024-01-29T08:26:48.000,1,0.55,5.8,0.0,2.0,1.0,11.8
2,2024-01-06T15:12:14.000,2024-01-06T15:19:15.000,1,1.03,8.6,0.0,1.0,1.0,13.6
2,2024-01-18T22:15:23.000,2024-01-18T22:19:57.000,1,0.66,6.5,1.0,1.0,1.0,12.5
2,2024-01-21T21:19:22.000,2024-01-21T21:25:53.000,1,1.96,10.0,1.0,2.25,1.0,17.25
1,2024-01-09T17:56:08.000,2024-01-09T18:04:09.000,1,0.8,8.6,5.0,1.0,1.0,16.1
2,2024-01-04T17:23:44.000,2024-01-04T17:43:31.000,1,1.43,17.7,2.5,4.84,1.0,29.04
1,2024-01-06T01:34:10.000,2024-01-06T01:41:22.000,1,1.1,7.9,3.5,5.0,1.0,17.9
2,2024-01-16T13:37:35.000,2024-01-16T13:42:44.000,1,0.89,7.2,0.0,2.24,1.0,13.44
2,2024-01-15T17:24:13.000,2024-01-15T17:39:08.000,1,2.96,17.0,0.0,4.2,1.0,25.2
2,2024-01-03T15:32:30.000,2024-01-03T16:23:46.000,2,16.18,70.0,0.0,20.23,1.0,101.17
2,2024-01-02T00:17:55.000,2024-01-02T00:33:15.000,1,9.95,38.0,6.0,15.73,1.0,69.92
2,2024-01-16T09:18:20.000,2024-01-16T09:18:34.000,2,0.01,3.0,0.0,0.0,1.0,7.0
1,2024-01-23T09:38:06.000,2024-01-23T10:43:16.000,1,13.1,34.5,0.0,0.0,1.0,36.0
2,2024-01-06T21:51:53.000,2024-01-06T21:57:25.000,1,1.1,7.9,1.0,1.29,1.0,14.19
1,2024-01-03T12:15:11.000,2024-01-03T12:24:11.000,1,1.5,17.5,0.0,0.0,1.0,19.0
2,2024-01-10T09:07:27.000,2024-01-10T09:11:29.000,1,0.57,5.8,0.0,1.0,1.0,10.8
2,2024-01-01T02:46:02.000,2024-01-01T02:54:50.000,1,0.95,10.0,1.0,3.0,1.0,18.0
2,2024-01-18T12:57:16.000,2024-01-18T13:06:48.000,1,1.65,11.4,0.0,0.0,1.0,15.4
2,2024-01-10T23:34:00.000,2024-01-10T23:47:29.000,1,3.83,19.1,1.0,2.0,1.0,26.1
2,2024-01-27T13:04:09.000,2024-01-27T13:30:27.000,2,8.05,38.0,0.0,0.0,1.0,42.0
1,2024-01-19T19:15:28.000,2024-01-19T19:46:32.000,1,10.5,42.9,11.75,12.6,1.0,75.69
2,2024-01-20T16:04:34.000,2024-01-20T16:17:02.000,1,1.68,12.8,0.0,3.36,1.0,20.16
2,2024-01-23T21:41:34.000,2024-01-23T21:45:55.000,1,0.97,7.2,1.0,0.61,1.0,12.81
1,2024-01-21T10:24:00.000,2024-01-21T10:35:13.000,1,3.1,15.6,3.5,2.0,1.0,22.6
2,2024-01-22T09:00:22.000,2024-01-22T09:14:27.000,1,1.87,14.2,0.0,2.0,1.0,20.2
2,2024-01-27T20:52:18.000,2024-01-27T20:57:16.000,2,1.19,7.9,1.0,0.0,1.0,12.9
1,2024-01-22T11:16:10.000,2024-01-22T11:20:19.000,2,0.6,5.8,2.5,0.0,1.0,9.8
1,2024-01-25T12:04:21.000,2024-01-25T12:45:29.000,1,11.9,39.5,0.0,0.0,1.0,41.0
2,2024-01-28T07:42:20.000,2024-01-28T07:42:48.000,1,0.01,3.0,0.0,0.0,1.0,7.0
2,2024-01-03T23:33:03.000,2024-01-04T00:13:01.000,1,19.42,70.0,0.0,5.0,1.0,85.19
2,2024-01-16T08:38:27.000,2024-01-16T08:59:58.000,1,5.15,25.4,0.0,5.88,1.0,35.28
2,2024-01-20T21:52:14.000,2024-01-20T22:21:16.000,1,18.58,69.5,1.0,7.38,1.0,81.13
2,2024-01-18T02:36:02.000,2024-01-18T02:47:31.000,1,5.02,21.2,1.0,6.55,1.0,32.75
2,2024-01-30T08:28:05.000,2024-01-30T08:46:36.000,1,2.08,17.0,0.0,4.2,1.0,25.2
2,2024-01-07T03:15:32.000,2024-01-07T03:20:44.000,2,0.62,6.5,1.0,0.0,1.0,11.5
2,2024-01-25T13:00:03.000,2024-01-25T13:19:55.000,1,1.53,17.0,0.0,4.2,1.0,25.2
2,2024-01-27T19:11:47.000,2024-01-27T19:31:02.000,2,9.6,-37.3,0.0,0.0,-1.0,-40.55
2,2024-01-31T10:22:54.000,2024-01-31T10:27:41.000,2,0.51,6.5,0.0,2.1,1.0,12.6
2,2024-01-14T04:14:37.000,2024-01-14T04:35:03.000,1,8.5,35.9,1.0,0.0,1.0,40.9
1,2024-01-21T13:45:11.000,2024-01-21T13:59:15.000,2,2.0,14.2,2.5,3.6,1.0,21.8
1,2024-01-04T11:40:46.000,2024-01-04T12:08:08.000,1,1.1,16.5,0.0,0.0,1.0,18.0
2,2024-01-01T18:36:57.000,2024-01-01T19:13:43.000,2,20.5,70.0,0.0,0.0,1.0,82.69
2,2024-01-11T09:02:12.000,2024-01-11T09:21:20.000,1,2.85,19.1,0.0,4.62,1.0,27.72
2,2024-01-06T19:06:36.000,2024-01-06T19:24:38.000,1,2.32,17.0,0.0,0.0,1.0,21.0
2,2024-01-26T18:02:16.000,2024-01-26T18:17:22.000,1,2.06,14.9,2.5,2.14,1.0,23.54
2,2024-01-03T12:09:37.000,2024-01-03T12:56:50.000,1,21.59,84.2,0.0,25.71,1.0,113.16
1,2024-01-17T17:38:16.000,2024-01-17T19:07:00.000,1,13.1,43.5,0.0,0.0,1.0,45.0
1,2024-01-28T00:02:15.000,2024-01-28T00:24:30.000,1,6.0,27.5,3.5,7.9,1.0,47.34
2,2024-01-28T11:03:23.000,2024-01-28T11:09:04.000,1,0.72,7.2,0.0,0.0,1.0,11.2
2,2024-01-16T11:35:34.000,2024-01-16T11:53:25.000,1,0.76,15.6,0.0,3.92,1.0,23.52
1,2024-01-13T21:30:11.000,2024-01-13T21:36:14.000,1,0.7,6.5,3.5,1.5,1.0,13.0
2,2024-01-24T16:31:03.000,2024-01-24T17:06:34.000,5,3.37,29.6,2.5,7.22,1.0,43.32
1,2024-01-18T14:12:40.000,2024-01-18T14:28:05.000,2,1.4,12.1,2.5,0.0,1.0,16.1
2,2024-01-17T07:49:41.000,2024-01-17T07:58:45.000,1,1.4,10.7,0.0,2.94,1.0,17.64
2,2024-01-30T20:41:06.000,2024-01-30T21:08:51.000,1,9.58,41.5,1.0,6.0,1.0,50.0
1,2024-01-24T19:02:53.000,2024-01-24T19:33:07.000,1,3.3,24.7,5.0,6.25,1.0,37.45
1,2024-01-16T14:25:20.000,2024-01-16T15:19:35.000,1,17.7,70.0,4.25,15.15,1.0,90.9
2,2024-01-15T17:29:29.000,2024-01-15T17:46:46.000,1,2.15,16.3,0.0,3.0,1.0,23.3
2,2024-01-15T08:34:01.000,2024-01-15T08:39:35.000,1,0.91,7.2,0.0,2.24,1.0,13.44
2,2024-01-29T13:02:44.000,2024-01-29T13:15:35.000,1,1.17,12.1,0.0,4.03,1.0,20.13
2,2024-01-24T18:24:34.000,2024-01-24T18:30:46.000,2,1.02,7.9,2.5,0.0,1.0,14.4
1,2024-01-18T00:21:40.000,2024-01-18T00:34:23.000,1,2.4,14.2,3.5,3.85,1.0,23.05
2,2024-01-02T20:30:49.000,2024-01-02T20:53:48.000,3,4.3,24.7,1.0,5.94,1.0,35.64
2,2024-01-27T19:43:43.000,2024-01-27T19:51:03.000,1,1.47,10.0,0.0,2.8,1.0,16.8
1,2024-01-28T11:40:54.000,2024-01-28T11:50:17.000,1,1.5,10.7,2.5,2.9,1.0,17.6
2,2024-01-30T10:30:05.000,2024-01-30T10:37:29.000,6,0.64,8.6,0.0,2.52,1.0,15.12
2,2024-01-17T16:19:11.000,2024-01-17T16:42:58.000,1,3.05,21.9,0.0,0.0,1.0,25.9
2,2024-01-09T00:06:01.000,2024-01-09T00:22:46.000,1,4.2,21.2,1.0,5.24,1.0,31.44
2,2024-01-06T18:24:18.000,2024-01-06T18:32:42.000,3,1.28,9.3,0.0,2.0,1.0,15.3
2,2024-01-15T06:53:27.000,2024-01-15T07:17:11.000,1,5.38,27.5,0.0,0.0,1.0,31.5
2,2024-01-25T07:39:20.000,2024-01-25T07:50:38.000,1,1.48,12.1,0.0,0.0,1.0,13.6
2,2024-01-29T11:35:12.000,2024-01-29T11:51:59.000,1,2.34,16.3,0.0,4.06,1.0,24.36
2,2024-01-28T11:47:07.000,2024-01-28T11:55:03.000,1,1.22,9.3,0.0,2.66,1.0,15.96
1,2024-01-10T09:29:49.000,2024-01-10T10:08:30.000,1,5.1,35.2,2.5,7.8,1.0,47.0
1,2024-01-13T21:39:17.000,2024-01-13T21:47:08.000,1,1.4,10.0,3.5,1.0,1.0,16.0
2,2024-01-31T18:00:53.000,2024-01-31T18:09:07.000,5,1.25,9.3,2.5,1.5,1.0,17.3
2,2024-01-22T10:44:06.000,2024-01-22T10:48:40.000,2,0.77,6.5,0.0,2.1,1.0,12.6
2,2024-01-13T20:12:31.000,2024-01-13T20:36:00.000,1,3.75,24.0,1.0,6.0,1.0,35.0
2,2024-01-28T23:54:45.000,2024-01-28T23:54:52.000,2,0.0,3.0,1.0,0.0,1.0,7.25
2,2024-01-22T15:06:20.000,2024-01-22T15:11:49.000,1,0.63,6.5,0.0,1.89,1.0,12.39
1,2024-01-15T11:41:53.000,2024-01-15T11:44:20.000,1,0.5,5.1,2.5,1.8,1.0,10.9
2,2024-01-12T14:37:20.000,2024-01-12T14:53:50.000,1,2.0,15.6,0.0,3.92,1.0,23.52
2,2024-01-02T20:53:57.000,2024-01-02T21:01:55.000,1,1.1,8.6,1.0,0.0,1.0,13.6
2,2024-01-01T21:48:31.000,2024-01-01T23:09:44.000,2,46.92,303.3,1.0,0.0,1.0,318.05
1,2024-01-07T13:27:53.000,2024-01-07T13:36:26.000,1,1.1,9.3,2.5,1.5,1.0,14.8
2,2024-01-04T14:59:47.000,2024-01-04T15:04:55.000,1,0.84,7.2,0.0,2.24,1.0,13.44
2,2024-01-06T20:17:07.000,2024-01-06T20:33:01.000,2,2.65,17.7,1.0,4.54,1.0,27.24
2,2024-01-05T17:35:41.000,2024-01-05T17:45:21.000,1,0.9,10.0,2.5,3.3,1.0,19.8
2,2024-01-13T23:02:59.000,2024-01-13T23:32:48.000,1,21.82,79.3,1.0,0.0,1.0,90.49
2,2024-01-11T18:02:40.000,2024-01-11T18:30:11.000,5,2.53,24.7,2.5,1.0,1.0,32.2
2,2024-01-11T19:52:47.000,2024-01-11T20:05:50.000,1,1.63,13.5,2.5,3.75,1.0,23.75
2,2024-01-08T20:06:34.000,2024-01-08T20:10:03.000,1,0.45,5.1,1.0,2.02,1.0,12.12
1,2024-01-26T08:10:30.000,2024-01-26T08:22:21.000,4,1.6,12.1,2.5,3.2,1.0,19.3
2,2024-01-30T18:44:31.000,2024-01-30T19:06:26.000,1,3.37,21.2,2.5,3.3,1.0,31.0
2,2024-01-21T11:23:10.000,2024-01-21T11:32:36.000,3,1.69,11.4,0.0,3.08,1.0,18.48
2,2024-01-12T09:52:36.000,2024-01-12T09:57:14.000,1,0.53,6.5,0.0,0.0,1.0,10.5
2,2024-01-26T15:24:35.000,2024-01-26T16:38:22.000,1,17.11,70.0,0.0,20.23,1.0,101.17
1,2024-01-27T16:34:38.000,2024-01-27T16:44:48.000,2,1.1,10.7,5.0,2.0,1.0,19.2
2,2024-01-19T12:17:28.000,2024-01-19T13:00:08.000,2,18.91,70.0,0.0,10.0,1.0,90.19
2,2024-01-24T09:30:40.000,2024-01-24T09:42:30.000,1,2.06,13.5,0.0,3.5,1.0,21.0
1,2024-01-06T08:26:48.000,2024-01-06T08:40:09.000,1,5.0,22.6,2.5,5.32,1.0,31.92
2,2024-01-08T11:41:56.000,2024-01-08T11:46:58.000,1,0.72,6.5,0.0,2.1,1.0,12.6
2,2024-01-24T08:49:16.000,2024-01-24T09:08:18.000,1,2.3,17.7,0.0,4.34,1.0,26.04
2,2024-01-20T12:51:47.000,2024-01-20T13:04:07.000,3,1.72,12.8,0.0,3.36,1.0,20.16
1,2024-01-08T14:41:28.000,2024-01-08T14:48:15.000,1,1.5,9.3,2.5,2.65,1.0,15.95
1,2024-01-23T06:27:48.000,2024-01-23T06:40:10.000,1,0.7,16.5,0.0,0.0,1.0,18.0
2,2024-01-02T13:20:08.000,2024-01-02T13:28:46.000,5,3.35,15.6,0.0,3.92,1.0,23.52
2,2024-01-28T11:33:38.000,2024-01-28T11:37:36.000,1,0.6,5.8,0.0,1.96,1.0,11.76
2,2024-01-14T14:05:55.000,2024-01-14T14:25:35.000,1,5.0,21.76,0.0,2.45,1.0,35.15
2,2024-01-31T22:44:57.000,2024-01-31T22:49:36.000,1,1.14,7.2,1.0,2.44,1.0,14.64
1,2024-01-18T15:36:34.000,2024-01-18T15:48:32.000,0,1.2,10.0,2.5,2.0,1.0,16.0
2,2024-01-24T18:19:08.000,2024-01-24T18:48:12.000,1,7.42,35.2,2.5,8.34,1.0,50.04
2,2024-01-14T21:00:26.000,2024-01-14T21:07:46.000,2,1.02,8.6,1.0,0.0,1.0,13.6
2,2024-01-25T17:43:48.000,2024-01-25T18:30:29.000,2,17.11,70.0,5.0,17.19,1.0,104.88
2,2024-01-23T08:08:20.000,2024-01-23T08:27:40.000,2,2.67,19.1,0.0,4.62,1.0,27.72
1,2024-01-08T17:58:34.000,2024-01-08T18:11:09.000,1,1.0,11.4,5.0,3.6,1.0,21.5
2,2024-01-28T17:26:23.000,2024-01-28T17:33:53.000,1,0.77,7.9,0.0,2.38,1.0,14.28
1,2024-01-19T22:36:24.000,2024-01-19T22:44:41.000,1,1.0,8.6,3.5,2.7,1.0,16.3
2,2024-01-12T22:18:58.000,2024-01-12T22:28:52.000,3,2.35,13.5,1.0,3.7,1.0,22.2
2,2024-01-29T16:41:28.000,2024-01-29T16:50:12.000,1,0.98,9.3,2.5,0.0,1.0,15.8
1,2024-01-26T21:51:25.000,2024-01-26T22:05:08.000,1,2.7,15.6,3.5,4.1,1.0,24.7
2,2024-01-02T14:41:40.000,2024-01-02T14:47:04.000,5,0.9,7.9,0.0,0.0,1.0,11.9
2,2024-01-28T12:30:04.000,2024-01-28T12:44:06.000,1,5.08,23.3,0.0,5.46,1.0,32.76
2,2024-01-16T21:33:40.000,2024-01-16T21:53:38.000,1,4.04,22.6,1.0,6.9,1.0,34.5
1,2024-01-22T14:00:38.000,2024-01-22T14:07:05.000,2,1.1,8.6,2.5,2.5,1.0,15.1
2,2024-01-17T11:49:49.000,2024-01-17T12:31:36.000,1,2.9,34.5,0.0,9.62,1.0,48.12
1,2024-01-10T18:58:56.000,2024-01-10T19:10:07.000,1,1.4,11.4,5.0,3.55,1.0,21.45
1,2024-01-19T10:57:16.000,2024-01-19T11:12:27.000,1,2.7,14.9,2.5,3.8,1.0,22.7
1,2024-01-06T16:23:06.000,2024-01-06T16:41:23.000,1,1.0,15.6,2.5,0.0,1.0,19.6
2,2024-01-05T18:03:40.000,2024-01-05T18:16:30.000,1,2.33,14.2,2.5,4.14,1.0,24.84
1,2024-01-11T21:57:17.000,2024-01-11T22:27:43.000,1,11.1,44.3,3.5,9.85,1.0,59.15
1,2024-01-20T19:35:37.000,2024-01-20T20:08:05.000,1,5.2,32.4,2.5,0.0,1.0,36.4
2,2024-01-17T22:47:38.000,2024-01-17T22:51:54.000,4,0.91,6.5,1.0,3.45,1.0,14.95
2,2024-01-04T10:37:42.000,2024-01-04T10:55:19.000,2,2.03,17.0,0.0,5.25,1.0,26.25
2,2024-01-23T18:45:59.000,2024-01-23T18:48:58.000,1,0.69,5.8,2.5,2.94,1.0,12.74
2,2024-01-18T13:18:15.000,2024-01-18T13:48:21.000,1,10.3,45.0,5.0,6.27,1.0,68.96
1,2024-01-09T18:06:23.000,2024-01-09T18:17:25.000,2,1.3,11.4,5.0,0.0,1.0,17.9
1,2024-01-17T08:12:45.000,2024-01-17T08:23:48.000,1,0.7,10.0,2.5,2.8,1.0,16.8
2,2024-01-07T03:13:00.000,2024-01-07T03:18:44.000,1,0.94,7.9,1.0,2.58,1.0,15.48
1,2024-01-11T20:42:53.000,2024-01-11T21:02:43.000,1,2.1,16.3,3.5,0.0,1.0,21.3
2,2024-01-29T05:14:10.000,2024-01-29T05:20:05.000,1,1.7,10.0,1.0,2.0,1.0,17.0
2,2024-01-25T11:11:39.000,2024-01-25T11:20:49.000,2,0.6,9.3,0.0,1.0,1.0,14.3
2,2024-01-16T18:12:48.000,2024-01-16T18:17:21.000,1,0.6,6.5,2.5,3.25,1.0,16.25
1,2024-01-30T14:30:24.000,2024-01-30T14:41:40.000,1,0.8,9.3,2.5,2.65,1.0,15.95
2,2024-01-18T19:06:31.000,2024-01-18T19:16:34.000,1,1.09,10.0,2.5,3.3,1.0,19.8
2,2024-01-08T08:31:24.000,2024-01-08T08:35:46.000,1,0.64,6.5,0.0,2.62,1.0,13.12
1,2024-01-10T09:39:07.000,2024-01-10T09:55:04.000,1,2.3,16.3,2.5,4.0,1.0,24.3
2,2024-01-29T13:47:38.000,2024-01-29T14:35:32.000,1,10.21,53.4,0.0,9.6,1.0,67.0
2,2024-01-23T10:03:16.000,2024-01-23T10:05:56.000,1,0.83,5.8,0.0,1.96,1.0,11.76
2,2024-01-22T09:16:39.000,2024-01-22T09:25:38.000,1,1.07,10.0,0.0,2.8,1.0,16.8
2,2024-01-06T11:48:15.000,2024-01-06T12:10:02.000,1,10.14,40.8,0.0,0.0,1.0,44.8
2,2024-01-14T15:49:31.000,2024-01-14T16:51:49.000,1,18.99,70.0,0.0,16.19,1.0,98.88
1,2024-01-13T07:06:15.000,2024-01-13T07:16:05.000,1,3.1,14.2,2.5,3.6,1.0,21.8
2,2024-01-18T14:32:30.000,2024-01-18T14:50:22.000,2,1.92,16.3,0.0,0.0,1.0,20.3
1,2024-01-23T11:41:53.000,2024-01-23T11:50:04.000,1,0.9,8.6,2.5,2.5,1.0,15.1
1,2024-01-17T20:06:59.000,2024-01-17T20:19:52.000,1,2.1,12.8,3.5,0.0,1.0,17.8
2,2024-01-09T22:30:12.000,2024-01-09T22:36:42.000,1,1.8,10.0,1.0,3.75,1.0,18.75
1,2024-01-19T08:01:17.000,2024-01-19T08:11:58.000,1,2.3,12.8,2.5,2.0,1.0,18.8
2,2024-01-11T15:46:42.000,2024-01-11T15:51:45.000,1,0.48,6.5,0.0,0.0,1.0,10.5
2,2024-01-07T11:56:50.000,2024-01-07T11:59:57.000,2,0.64,5.8,0.0,1.96,1.0,11.76
2,2024-01-20T21:00:09.000,2024-01-20T21:04:00.000,2,0.9,6.5,1.0,0.0,1.0,11.5
2,2024-01-20T21:32:25.000,2024-01-20T21:52:05.000,1,4.82,24.0,1.0,5.8,1.0,34.8
1,2024-01-05T07:44:56.000,2024-01-05T08:00:21.000,1,4.5,23.3,2.5,2.0,1.0,29.3
2,2024-01-22T17:33:13.000,2024-01-22T18:29:47.000,1,18.67,70.0,5.0,21.48,1.0,109.17
2,2024-01-24T19:39:20.000,2024-01-24T20:02:15.000,1,4.03,23.3,2.5,5.96,1.0,35.76
1,2024-01-25T18:24:53.000,2024-01-25T18:48:25.000,1,6.8,31.0,5.0,9.35,1.0,46.85
2,2024-01-07T21:53:50.000,2024-01-07T22:09:36.000,1,4.1,19.8,1.0,4.96,1.0,29.76
2,2024-01-06T13:45:56.000,2024-01-06T14:06:39.000,1,6.46,30.3,0.0,0.0,1.0,34.3
2,2024-01-05T10:36:14.000,2024-01-05T10:49:27.000,1,2.54,14.9,0.0,4.72,1.0,23.62
1,2024-01-14T22:24:18.000,2024-01-14T22:54:36.000,1,15.7,70.0,1.75,14.65,1.0,87.9
2,2024-01-01T03:41:25.000,2024-01-01T03:47:03.000,2,0.51,6.5,1.0,2.88,1.0,14.38
2,2024-01-07T02:18:18.000,2024-01-07T02:24:51.000,2,0.92,7.9,1.0,2.58,1.0,15.48
2,2024-01-01T01:12:36.000,2024-01-01T01:33:58.000,1,3.66,22.6,1.0,5.52,1.0,33.12
2,2024-01-21T00:15:48.000,2024-01-21T00:22:39.000,2,1.57,10.0,1.0,2.0,1.0,17.0
2,2024-01-09T19:17:30.000,2024-01-09T19:20:25.000,1,0.64,5.1,2.5,1.5,1.0,13.1
1,2024-01-23T20:03:26.000,2024-01-23T20:08:29.000,1,0.7,6.5,3.5,1.0,1.0,12.5
2,2024-01-10T14:40:31.000,2024-01-10T14:58:40.000,1,1.84,17.0,0.0,4.2,1.0,25.2
2,2024-01-05T06:15:56.000,2024-01-05T06:24:32.000,1,1.51,10.0,0.0,2.8,1.0,16.8
2,2024-01-26T01:18:02.000,2024-01-26T01:28:00.000,1,1.88,12.1,1.0,0.0,1.0,14.6
1,2024-01-10T17:12:54.000,2024-01-10T17:24:52.000,1,1.7,12.8,5.0,1.0,1.0,20.3
2,2024-01-31T18:40:39.000,2024-01-31T18:44:38.000,2,1.07,7.2,2.5,0.0,1.0,13.7
2,2024-01-19T14:12:46.000,2024-01-19T14:32:51.000,3,5.05,25.4,0.0,5.88,1.0,35.28
2,2024-01-18T09:04:50.000,2024-01-18T09:27:24.000,1,4.46,25.4,0.0,5.88,1.0,35.28
2,2024-01-23T11:53:33.000,2024-01-23T12:20:03.000,1,2.58,22.6,0.0,1.0,1.0,27.6
2,2024-01-10T15:24:31.000,2024-01-10T15:25:24.000,1,0.06,3.0,0.0,0.0,1.0,7.0
2,2024-01-31T20:06:51.000,2024-01-31T20:12:57.000,5,0.9,7.9,1.0,1.29,1.0,14.19
2,2024-01-14T12:39:47.000,2024-01-14T13:11:25.000,2,17.14,70.0,0.0,16.19,1.0,97.13
2,2024-01-25T22:13:30.000,2024-01-25T22:30:34.000,1,2.58,18.4,1.0,5.85,1.0,29.25
2,2024-01-31T19:42:23.000,2024-01-31T19:50:28.000,4,0.95,-8.6,-2.5,0.0,-1.0,-15.1
2,2024-01-26T21:45:31.000,2024-01-26T21:49:19.000,1,0.8,6.5,1.0,0.0,1.0,11.5
2,2024-01-18T12:05:29.000,2024-01-18T12:18:41.000,1,2.14,14.2,0.0,3.64,1.0,21.84
1,2024-01-12T00:44:21.000,2024-01-12T00:52:24.000,1,2.5,12.1,3.5,3.4,1.0,20.5
1,2024-01-22T11:03:17.000,2024-01-22T12:12:43.000,1,11.3,41.5,0.0,0.0,1.0,43.0
2,2024-01-17T19:07:21.000,2024-01-17T19:21:38.000,1,1.64,14.2,2.5,4.14,1.0,24.84
2,2024-01-22T20:12:07.000,2024-01-22T20:24:36.000,1,1.1,12.1,1.0,3.42,1.0,20.52
2,2024-01-06T17:27:55.000,2024-01-06T17:31:36.000,1,0.54,-5.1,0.0,0.0,-1.0,-9.1
1,2024-01-30T10:11:03.000,2024-01-30T10:11:24.000,0,0.0,3.0,0.0,0.0,1.0,4.5
2,2024-01-26T02:40:51.000,2024-01-26T03:05:40.000,1,10.56,42.9,1.0,9.58,1.0,57.48
2,2024-01-03T18:50:55.000,2024-01-03T18:56:06.000,1,0.0,6.5,2.5,2.6,1.0,15.6
2,2024-01-08T16:51:12.000,2024-01-08T16:54:15.000,1,0.68,5.8,2.5,0.0,1.0,12.3
1,2024-01-10T19:14:00.000,2024-01-10T19:20:48.000,1,1.7,10.0,5.0,1.5,1.0,18.0
1,2024-01-04T18:12:04.000,2024-01-04T18:20:04.000,1,1.4,9.3,5.0,0.0,1.0,15.8
2,2024-01-12T20:11:54.000,2024-01-12T20:22:30.000,5,1.29,10.7,1.0,0.0,1.0,15.7
1,2024-01-25T18:03:10.000,2024-01-25T18:54:55.000,2,14.0,56.9,4.25,12.5,1.0,75.15
2,2024-01-06T18:15:38.000,2024-01-06T18:33:59.000,1,2.37,17.7,0.0,5.42,1.0,27.12
2,2024-01-01T00:23:27.000,2024-01-01T00:29:49.000,1,0.71,7.9,1.0,1.25,1.0,14.15
1,2024-01-28T14:53:46.000,2024-01-28T15:01:54.000,1,1.2,8.6,2.5,2.5,1.0,15.1
1,2024-01-15T22:06:34.000,2024-01-15T22:27:08.000,1,3.5,20.5,3.5,5.1,1.0,30.6
2,2024-01-24T16:25:50.000,2024-01-24T16:32:25.000,2,0.55,7.9,2.5,0.0,1.0,14.4
2,2024-01-15T06:09:09.000,2024-01-15T06:16:33.000,1,1.26,9.3,0.0,2.66,1.0,15.96
2,2024-01-10T14:47:18.000,2024-01-10T15:26:48.000,1,16.74,88.1,0.0,33.14,1.0,143.62
2,2024-01-04T10:11:19.000,2024-01-04T10:51:41.000,1,19.83,70.0,0.0,8.0,1.0,88.19
2,2024-01-03T06:55:23.000,2024-01-03T06:58:24.000,1,0.6,5.1,0.0,2.73,1.0,11.83
2,2024-01-30T18:51:19.000,2024-01-30T18:56:57.000,1,1.5,8.6,2.5,1.5,1.0,16.6
2,2024-01-23T22:01:38.000,2024-01-23T22:29:55.000,1,5.98,32.4,1.0,0.0,1.0,36.65
2,2024-01-03T19:51:23.000,2024-01-03T20:00:33.000,1,0.98,9.3,2.5,0.0,1.0,15.8
1,2024-01-28T13:33:48.000,2024-01-28T13:45:09.000,1,1.8,12.1,2.5,4.0,1.0,20.1
2,2024-01-14T13:59:37.000,2024-01-14T14:08:05.000,1,1.19,9.3,0.0,0.0,1.0,13.3
2,2024-01-12T17:15:36.000,2024-01-12T17:19:30.000,1,0.79,6.5,0.0,2.1,1.0,12.6
2,2024-01-10T08:35:24.000,2024-01-10T08:46:02.000,1,2.01,12.1,0.0,4.08,1.0,17.68
2,2024-01-22T18:51:55.000,2024-01-22T19:13:41.000,1,9.32,38.7,7.5,11.43,1.0,70.32
2,2024-01-06T12:41:19.000,2024-01-06T12:51:30.000,1,1.86,12.1,0.0,2.42,1.0,18.52
2,2024-01-03T12:51:17.000,2024-01-03T13:17:32.000,1,4.99,28.2,0.0,0.0,1.0,32.2
2,2024-01-23T21:13:44.000,2024-01-23T21:33:16.000,1,9.92,40.1,1.0,5.0,1.0,50.1
2,2024-01-15T14:24:02.000,2024-01-15T14:26:41.000,1,0.35,5.1,0.0,0.0,1.0,9.1
2,2024-01-24T18:48:17.000,2024-01-24T19:08:29.000,1,2.48,18.4,2.5,1.0,1.0,25.9
1,2024-01-25T17:37:30.000,2024-01-25T18:33:01.000,1,8.8,54.8,5.0,12.25,1.0,73.55
2,2024-01-15T13:44:14.000,2024-01-15T14:35:23.000,2,19.92,70.0,0.0,16.04,1.0,96.23
2,2024-01-28T02:25:48.000,2024-01-28T02:41:20.000,6,3.32,17.7,1.0,0.0,1.0,22.7
2,2024-01-01T17:40:45.000,2024-01-01T18:03:16.000,1,3.13,21.9,0.0,5.18,1.0,31.08
2,2024-01-06T14:08:23.000,2024-01-06T14:18:38.000,4,1.2,10.7,0.0,0.0,1.0,14.7
2,2024-01-25T11:53:02.000,2024-01-25T11:59:04.000,1,1.15,7.9,0.0,3.57,1.0,15.47
2,2024-01-26T17:55:57.000,2024-01-26T18:16:53.000,1,2.81,19.8,2.5,5.26,1.0,31.56
1,2024-01-10T16:52:32.000,2024-01-10T17:09:35.000,1,2.4,15.6,5.0,5.0,1.0,27.1
2,2024-01-22T00:28:33.000,2024-01-22T00:41:52.000,1,3.98,18.4,1.0,4.68,1.0,28.08
2,2024-01-30T13:17:02.000,2024-01-30T14:11:11.000,2,18.09,70.0,0.0,16.19,1.0,98.88
2,2024-01-30T08:36:44.000,2024-01-30T08:59:17.000,1,6.21,31.0,0.0,4.0,1.0,39.0
2,2024-01-21T05:19:15.000,2024-01-21T05:32:48.000,1,11.47,43.6,6.0,0.0,1.0,52.85
2,2024-01-16T11:28:25.000,2024-01-16T11:35:43.000,1,1.15,8.6,0.0,1.5,1.0,14.1
2,2024-01-08T11:49:16.000,2024-01-08T11:57:49.000,1,1.51,10.7,0.0,2.94,1.0,17.64
2,2024-01-15T13:19:58.000,2024-01-15T13:34:18.000,1,1.37,12.8,0.0,3.36,1.0,20.16
2,2024-01-14T18:32:46.000,2024-01-14T18:45:21.000,1,1.64,12.1,0.0,3.0,1.0,19.1
2,2024-01-25T14:33:58.000,2024-01-25T14:39:57.000,1,0.52,7.2,0.0,0.0,1.0,11.2
2,2024-01-16T19:50:55.000,2024-01-16T19:56:18.000,2,0.96,7.2,2.5,1.0,1.0,14.7
2,2024-01-09T17:23:18.000,2024-01-09T17:32:58.000,1,0.0,9.3,2.5,3.16,1.0,18.96
2,2024-01-14T13:32:10.000,2024-01-14T13:41:41.000,1,1.65,10.7,0.0,2.94,1.0,17.64
2,2024-01-16T15:11:38.000,2024-01-16T15:16:01.000,1,0.63,5.8,0.0,1.96,1.0,11.76
2,2024-01-12T04:36:15.000,2024-01-12T05:02:51.000,1,16.54,70.0,0.0,16.19,1.0,97.13
2,2024-01-30T22:57:27.000,2024-01-30T23:03:48.000,1,1.3,8.6,1.0,2.72,1.0,16.32
1,2024-01-25T21:18:28.000,2024-01-25T21:24:06.000,1,1.3,8.6,3.5,2.72,1.0,16.32
2,2024-01-18T20:56:12.000,2024-01-18T21:23:24.000,1,15.11,58.3,1.0,0.0,1.0,62.55
1,2024-01-06T23:41:00.000,2024-01-06T23:57:22.000,1,5.6,26.1,3.5,6.22,1.0,37.32
2,2024-01-17T16:43:24.000,2024-01-17T16:49:48.000,1,0.5,7.2,2.5,3.42,1.0,17.12
2,2024-01-10T20:15:08.000,2024-01-10T20:25:32.000,1,1.32,11.4,1.0,3.28,1.0,19.68
2,2024-01-21T09:18:16.000,2024-01-21T09:22:43.000,1,1.0,7.2,0.0,2.24,1.0,13.44
1,2024-01-20T14:40:41.000,2024-01-20T14:47:40.000,2,1.3,9.3,2.5,1.0,1.0,14.3
2,2024-01-29T16:46:58.000,2024-01-29T17:01:14.000,1,1.88,14.2,2.5,4.14,1.0,24.84
2,2024-01-09T14:22:48.000,2024-01-09T14:26:54.000,2,0.81,6.5,0.0,0.0,1.0,10.5
2,2024-01-26T08:39:29.000,2024-01-26T08:50:48.000,1,1.61,11.4,0.0,3.08,1.0,18.48
2,2024-01-12T21:50:06.000,2024-01-12T22:05:03.000,1,3.92,19.1,1.0,4.82,1.0,28.92
2,2024-01-08T23:09:08.000,2024-01-08T23:18:14.000,1,1.43,10.7,1.0,3.14,1.0,18.84
2,2024-01-13T22:18:37.000,2024-01-13T22:31:30.000,2,1.6,12.8,1.0,3.56,1.0,21.36
2,2024-01-06T18:37:06.000,2024-01-06T18:43:54.000,1,0.96,8.6,0.0,2.52,1.0,15.12
2,2024-01-14T17:03:39.000,2024-01-14T17:13:14.000,1,1.37,11.4,0.0,3.08,1.0,18.48
2,2024-01-19T18:07:56.000,2024-01-19T18:15:29.000,2,1.0,8.6,2.5,3.02,1.0,18.12
2,2024-01-30T12:54:07.000,2024-01-30T13:16:55.000,3,3.71,23.3,0.0,4.0,1.0,31.3
2,2024-01-18T06:44:06.000,2024-01-18T06:54:37.000,1,1.4,11.4,0.0,0.0,1.0,15.4
2,2024-01-23T21:55:57.000,2024-01-23T22:07:41.000,1,5.9,24.7,1.0,5.94,1.0,35.64
2,2024-01-13T13:31:53.000,2024-01-13T13:36:31.000,1,1.02,7.2,0.0,0.0,1.0,11.2
2,2024-01-29T10:58:53.000,2024-01-29T11:22:02.000,1,1.79,19.8,0.0,4.76,1.0,28.56
1,2024-01-13T20:36:56.000,2024-01-13T20:48:06.000,1,2.6,14.9,3.5,0.0,1.0,19.9
2,2024-01-19T23:34:27.000,2024-01-19T23:44:53.000,1,1.28,10.7,1.0,3.92,1.0,19.62
1,2024-01-05T22:05:51.000,2024-01-05T22:09:15.000,1,0.8,5.8,3.5,2.15,1.0,12.95
1,2024-01-12T12:50:17.000,2024-01-12T13:06:25.000,1,3.0,17.7,2.5,4.3,1.0,26.0
1,2024-01-30T17:54:25.000,2024-01-30T18:05:31.000,1,1.3,10.7,5.0,3.45,1.0,20.65
2,2024-01-11T11:48:04.000,2024-01-11T11:49:43.000,1,0.24,3.7,0.0,1.54,1.0,9.24
2,2024-01-05T10:07:16.000,2024-01-05T10:21:49.000,1,1.94,14.9,0.0,0.0,1.0,18.9
2,2024-01-19T19:31:06.000,2024-01-19T19:54:28.000,1,4.03,23.3,2.5,5.96,1.0,35.76
1,2024-01-08T12:44:22.000,2024-01-08T13:42:19.000,2,18.5,70.0,4.25,0.0,1.0,82.69
2,2024-01-26T17:23:02.000,2024-01-26T17:34:20.000,1,1.89,12.1,2.5,3.72,1.0,22.32
2,2024-01-30T09:45:12.000,2024-01-30T09:49:21.000,1,1.31,7.9,0.0,0.0,1.0,11.9
2,2024-01-30T16:33:22.000,2024-01-30T16:40:26.000,1,3.96,-17.0,-2.5,0.0,-1.0,-22.75
2,2024-01-17T16:50:11.000,2024-01-17T16:56:34.000,1,1.23,8.6,2.5,3.02,1.0,18.12
1,2024-01-12T11:49:26.000,2024-01-12T12:01:03.000,1,1.7,12.8,2.5,3.35,1.0,20.15
2,2024-01-02T22:28:54.000,2024-01-02T22:31:39.000,2,0.54,5.1,1.0,2.02,1.0,12.12
2,2024-01-16T18:05:18.000,2024-01-16T18:24:31.000,1,2.46,18.4,2.5,3.74,1.0,28.64
2,2024-01-19T18:01:58.000,2024-01-19T18:09:21.000,1,1.23,9.3,2.5,0.0,1.0,15.8
1,2024-01-26T16:26:24.000,2024-01-26T16:41:49.000,1,2.0,14.9,5.0,4.25,1.0,25.65
1,2024-01-23T19:59:10.000,2024-01-23T20:10:16.000,1,1.5,12.1,3.5,3.4,1.0,20.5
2,2024-01-10T19:56:48.000,2024-01-10T20:03:05.000,2,0.98,7.9,2.5,2.88,1.0,17.28
2,2024-01-18T14:29:58.000,2024-01-18T14:36:30.000,1,0.64,7.9,0.0,2.38,1.0,14.28
2,2024-01-07T23:19:26.000,2024-01-07T23:26:08.000,1,6.09,24.0,1.0,0.0,1.0,28.25
2,2024-01-21T04:25:36.000,2024-01-21T04:29:31.000,4,0.45,5.8,1.0,2.16,1.0,12.96
2,2024-01-04T17:59:21.000,2024-01-04T18:20:34.000,1,2.02,18.4,2.5,4.98,1.0,29.88
2,2024-01-04T09:54:25.000,2024-01-04T09:57:34.000,1,0.77,5.8,0.0,0.0,1.0,7.3
2,2024-01-28T08:24:47.000,2024-01-28T08:30:16.000,1,0.85,7.2,0.0,2.24,1.0,13.44
1,2024-01-10T16:08:26.000,2024-01-10T16:17:03.000,1,1.4,10.0,5.0,4.1,1.0,20.6
2,2024-01-24T18:54:38.000,2024-01-24T19:05:15.000,1,1.11,10.7,2.5,2.5,1.0,19.7
2,2024-01-06T12:38:28.000,2024-01-06T12:44:35.000,2,0.64,7.2,0.0,1.0,1.0,12.2
2,2024-01-24T10:46:53.000,2024-01-24T10:52:00.000,2,0.73,6.5,0.0,1.0,1.0,11.5
2,2024-01-25T10:56:18.000,2024-01-25T11:07:33.000,1,0.97,10.7,0.0,2.94,1.0,17.64
2,2024-01-24T09:52:48.000,2024-01-24T10:22:06.000,1,2.26,24.7,0.0,7.17,1.0,35.87
1,2024-01-16T07:30:42.000,2024-01-16T07:37:51.000,0,1.4,9.3,2.5,2.0,1.0,15.3
2,2024-01-18T12:24:27.000,2024-01-18T12:24:36.000,1,0.0,-3.0,0.0,0.0,-1.0,-7.0
2,2024-01-23T19:59:28.000,2024-01-23T20:03:01.000,1,0.49,5.8,2.5,0.0,1.0,12.3
2,2024-01-31T18:40:31.000,2024-01-31T18:48:28.000,1,1.33,10.0,2.5,4.95,1.0,21.45
2,2024-01-11T15:41:27.000,2024-01-11T15:44:10.000,1,0.51,5.1,0.0,1.9,1.0,11.0
2,2024-01-04T15:43:26.000,2024-01-04T16:07:53.000,2,3.19,22.6,0.0,5.32,1.0,31.92
2,2024-01-22T23:08:19.000,2024-01-22T23:08:25.000,1,0.01,70.0,0.0,0.0,1.0,74.0
2,2024-01-20T01:17:22.000,2024-01-20T01:23:11.000,1,1.08,7.9,1.0,0.0,1.0,12.9
2,2024-01-21T00:02:37.000,2024-01-21T00:09:43.000,1,0.99,8.6,1.0,2.72,1.0,16.32
2,2024-01-06T21:46:45.000,2024-01-06T21:56:55.000,1,1.89,12.1,1.0,3.42,1.0,20.52
1,2024-01-08T10:08:21.000,2024-01-08T10:26:47.000,1,3.0,19.1,2.5,4.6,1.0,27.7
1,2024-01-20T08:09:58.000,2024-01-20T08:11:53.000,1,0.7,5.1,2.5,1.8,1.0,10.9
2,2024-01-07T12:31:59.000,2024-01-07T12:40:04.000,1,0.71,8.6,0.0,3.15,1.0,15.75
2,2024-01-25T13:03:15.000,2024-01-25T13:36:36.000,1,3.23,28.9,0.0,8.22,1.0,41.12
2,2024-01-30T17:03:56.000,2024-01-30T17:13:41.000,1,1.19,10.0,2.5,2.48,1.0,18.98
2,2024-01-06T08:43:51.000,2024-01-06T08:54:44.000,2,1.93,12.8,0.0,0.0,1.0,16.8
2,2024-01-27T12:31:51.000,2024-01-27T12:47:47.000,1,2.47,16.3,0.0,0.0,1.0,17.8
2,2024-01-27T12:22:18.000,2024-01-27T13:04:17.000,2,17.53,70.0,0.0,14.8,1.0,88.8
2,2024-01-12T13:07:43.000,2024-01-12T13:16:52.000,1,1.47,10.7,0.0,2.94,1.0,17.64
2,2024-01-13T17:06:37.000,2024-01-13T17:30:36.000,2,3.34,23.3,0.0,0.0,1.0,27.3
2,2024-01-14T23:29:20.000,2024-01-14T23:48:02.000,2,6.02,27.5,1.0,0.0,1.0,32.5
2,2024-01-04T17:17:03.000,2024-01-04T17:40:35.000,1,2.19,20.5,2.5,5.4,1.0,32.4
2,2024-01-28T16:44:53.000,2024-01-28T16:58:28.000,1,2.6,14.9,0.0,0.0,1.0,18.9
2,2024-01-05T17:40:55.000,2024-01-05T17:54:20.000,3,1.94,14.2,2.5,4.14,1.0,24.84
1,2024-01-03T19:18:14.000,2024-01-03T19:27:56.000,1,0.9,10.7,5.0,4.25,1.0,21.45
1,2024-01-10T10:13:56.000,2024-01-10T10:20:59.000,1,0.4,6.5,2.5,2.65,1.0,13.15
2,2024-01-18T10:20:45.000,2024-01-18T10:22:34.000,1,0.53,4.4,0.0,1.68,1.0,10.08
2,2024-01-30T13:51:59.000,2024-01-30T14:08:29.000,1,2.78,17.7,0.0,4.34,1.0,26.04
2,2024-01-27T14:52:58.000,2024-01-27T15:04:18.000,4,2.46,14.2,0.0,2.0,1.0,20.2
2,2024-01-20T16:09:31.000,2024-01-20T16:25:25.000,1,1.48,14.9,0.0,4.72,1.0,23.62
2,2024-01-25T23:12:35.000,2024-01-25T23:29:53.000,1,3.64,19.8,1.0,3.0,1.0,27.8
2,2024-01-30T13:49:41.000,2024-01-30T14:38:53.000,1,17.05,70.0,0.0,16.19,1.0,98.88
2,2024-01-22T15:04:38.000,2024-01-22T15:07:47.000,5,0.42,4.4,0.0,1.68,1.0,10.08
2,2024-01-30T13:09:07.000,2024-01-30T13:16:47.000,1,0.98,8.6,0.0,0.0,1.0,12.6
2,2024-01-30T21:35:33.000,2024-01-30T21:53:19.000,2,3.12,18.4,1.0,4.68,1.0,28.08
1,2024-01-23T18:52:24.000,2024-01-23T18:58:16.000,2,1.0,7.9,5.0,0.0,1.0,14.4
2,2024-01-19T18:42:59.000,2024-01-19T18:55:36.000,1,1.87,12.8,2.5,0.0,1.0,19.3
2,2024-01-13T19:09:44.000,2024-01-13T19:16:50.000,1,0.82,7.9,0.0,2.38,1.0,14.28
1,2024-01-26T05:03:12.000,2024-01-26T05:35:10.000,2,17.4,70.0,2.5,16.15,1.0,97.15
1,2024-01-24T13:15:15.000,2024-01-24T13:24:21.000,1,1.2,10.0,2.5,0.0,1.0,14.0
2,2024-01-09T10:49:09.000,2024-01-09T11:03:50.000,1,1.13,13.5,0.0,3.5,1.0,21.0
2,2024-01-26T01:58:55.000,2024-01-26T02:13:10.000,1,4.93,21.9,1.0,5.38,1.0,32.28
1,2024-01-13T19:36:22.000,2024-01-13T19:54:46.000,1,0.8,15.6,2.5,5.0,1.0,24.6
2,2024-01-21T18:10:31.000,2024-01-21T18:12:18.000,2,0.27,4.4,0.0,1.18,1.0,7.08
2,2024-01-11T17:35:59.000,2024-01-11T17:51:36.000,1,4.27,21.2,2.5,2.0,1.0,29.7
1,2024-01-04T21:41:53.000,2024-01-04T21:52:32.000,0,1.8,12.1,3.5,2.0,1.0,19.1
2,2024-01-09T22:36:36.000,2024-01-09T22:43:14.000,1,1.4,9.3,1.0,2.4,1.0,16.7
2,2024-01-29T11:15:22.000,2024-01-29T11:45:18.000,2,5.21,32.4,0.0,5.0,1.0,41.4
2,2024-01-17T18:47:47.000,2024-01-17T18:55:12.000,1,1.01,8.6,2.5,0.0,1.0,15.1
2,2024-01-30T18:44:51.000,2024-01-30T19:03:52.000,1,5.33,26.1,2.5,6.52,1.0,39.12
2,2024-01-09T09:57:06.000,2024-01-09T10:20:39.000,3,2.6,21.9,0.0,0.0,1.0,25.9
2,2024-01-22T21:12:10.000,2024-01-22T21:18:53.000,1,1.35,9.3,1.0,0.0,1.0,14.3
2,2024-01-02T17:30:17.000,2024-01-02T17:50:31.000,1,2.13,19.1,2.5,0.0,1.0,25.6
1,2024-01-26T21:15:01.000,2024-01-26T21:39:59.000,1,3.3,19.1,3.5,4.8,1.0,28.9
2,2024-01-01T16:04:24.000,2024-01-01T16:17:51.000,1,5.93,24.7,0.0,9.94,1.0,43.08
2,2024-01-17T19:44:48.000,2024-01-17T20:01:00.000,1,2.39,16.3,2.5,4.56,1.0,27.36
1,2024-01-01T23:13:05.000,2024-01-01T23:21:40.000,1,1.8,11.4,3.5,2.0,1.0,18.4
2,2024-01-19T13:20:17.000,2024-01-19T13:25:30.000,2,0.73,7.2,0.0,3.36,1.0,14.56
2,2024-01-10T13:38:08.000,2024-01-10T13:47:17.000,1,1.56,10.7,0.0,2.94,1.0,17.64
2,2024-01-05T09:03:28.000,2024-01-05T09:03:34.000,1,0.0,70.0,0.0,0.0,1.0,74.0
2,2024-01-19T13:16:09.000,2024-01-19T13:25:47.000,1,0.87,10.0,0.0,2.8,1.0,16.8
2,2024-01-21T02:52:22.000,2024-01-21T03:16:19.000,1,10.4,42.9,1.0,0.0,1.0,47.9
2,2024-01-07T10:36:49.000,2024-01-07T10:43:26.000,1,1.47,9.3,0.0,4.66,1.0,17.96
2,2024-01-18T18:08:21.000,2024-01-18T18:26:14.000,1,1.73,16.3,2.5,4.56,1.0,27.36
1,2024-01-05T14:39:56.000,2024-01-05T15:01:41.000,1,2.7,20.5,2.5,0.0,1.0,24.5
2,2024-01-11T10:50:53.000,2024-01-11T11:05:02.000,1,1.01,12.8,0.0,3.36,1.0,20.16
2,2024-01-06T20:21:24.000,2024-01-06T20:41:49.000,1,4.07,21.9,1.0,5.38,1.0,32.28
1,2024-01-21T14:49:11.000,2024-01-21T15:00:54.000,1,2.0,13.5,2.5,3.5,1.0,21.0
2,2024-01-12T16:38:20.000,2024-01-12T16:41:14.000,1,0.72,5.8,2.5,2.46,1.0,14.76
1,2024-01-16T16:02:50.000,2024-01-16T16:23:53.000,1,2.7,17.7,5.0,0.0,1.0,24.2
2,2024-01-14T10:28:08.000,2024-01-14T10:32:39.000,1,1.31,7.9,0.0,2.98,1.0,14.88
2,2024-01-15T15:05:37.000,2024-01-15T15:34:51.000,1,5.65,32.4,0.0,3.0,1.0,39.4
2,2024-01-28T17:55:18.000,2024-01-28T17:59:48.000,1,0.5,5.8,0.0,1.96,1.0,11.76
2,2024-01-23T14:33:02.000,2024-01-23T15:07:06.000,1,2.9,28.2,0.0,6.44,1.0,38.64
2,2024-01-01T23:55:57.000,2024-01-02T00:15:35.000,1,7.65,33.1,1.0,10.0,1.0,48.1
2,2024-01-14T18:53:53.000,2024-01-14T19:11:26.000,1,5.42,25.4,0.0,5.0,1.0,34.4
2,2024-01-21T01:18:02.000,2024-01-21T01:31:39.000,2,6.3,26.8,1.0,0.0,1.0,31.8
2,2024-01-27T22:53:50.000,2024-01-27T23:03:04.000,1,1.07,10.0,1.0,0.0,1.0,15.0
2,2024-01-01T22:12:20.000,2024-01-01T22:20:25.000,1,3.08,14.9,1.0,2.0,1.0,21.9
2,2024-01-06T14:54:15.000,2024-01-06T15:05:32.000,2,1.06,11.4,0.0,3.08,1.0,18.48
2,2024-01-16T14:01:23.000,2024-01-16T14:13:25.000,5,1.23,11.4,0.0,0.0,1.0,15.4
1,2024-01-02T12:03:27.000,2024-01-02T12:08:51.000,1,1.0,7.2,2.5,2.2,1.0,13.4
1,2024-01-18T14:39:29.000,2024-01-18T14:53:48.000,1,1.1,12.1,2.5,3.2,1.0,19.3
2,2024-01-05T23:07:15.000,2024-01-05T23:24:37.000,2,2.85,18.4,1.0,3.0,1.0,26.4
1,2024-01-03T14:01:15.000,2024-01-03T14:01:44.000,1,0.0,3.0,2.5,0.0,1.0,7.0
2,2024-01-16T17:38:24.000,2024-01-16T17:38:29.000,1,0.0,-3.0,-2.5,0.0,-1.0,-7.0
2,2024-01-11T09:49:04.000,2024-01-11T10:06:34.000,1,2.6,17.7,0.0,6.51,1.0,28.21
2,2024-01-31T21:27:06.000,2024-01-31T21:35:21.000,1,2.18,12.1,1.0,3.42,1.0,20.52
1,2024-01-11T15:44:02.000,2024-01-11T16:09:50.000,1,4.5,25.4,2.5,5.85,1.0,35.25
1,2024-01-02T19:54:16.000,2024-01-02T20:01:03.000,1,1.9,10.7,5.0,3.4,1.0,20.6
2,2024-01-19T09:32:25.000,2024-01-19T09:43:42.000,1,1.27,11.4,0.0,2.31,1.0,17.71
2,2024-01-06T10:16:44.000,2024-01-06T10:31:35.000,4,1.63,14.9,0.0,3.78,1.0,22.68
2,2024-01-20T15:58:04.000,2024-01-20T16:07:48.000,1,1.63,11.4,0.0,2.0,1.0,17.4
2,2024-01-06T13:30:42.000,2024-01-06T13:33:43.000,1,0.58,5.8,0.0,1.96,1.0,11.76
1,2024-01-05T13:38:51.000,2024-01-05T14:05:16.000,2,4.3,26.8,2.5,0.0,1.0,30.8
1,2024-01-12T00:20:14.000,2024-01-12T00:37:50.000,1,9.6,37.3,3.5,9.09,1.0,54.57
2,2024-01-13T16:16:03.000,2024-01-13T16:24:12.000,1,1.28,10.0,0.0,1.0,1.0,15.0
1,2024-01-22T19:22:48.000,2024-01-22T19:31:05.000,1,1.4,9.3,5.0,3.16,1.0,18.96
2,2024-01-11T11:24:26.000,2024-01-11T11:30:07.000,1,0.79,7.2,0.0,2.24,1.0,13.44
2,2024-01-08T17:44:33.000,2024-01-08T17:56:25.000,1,3.01,15.6,2.5,2.5,1.0,24.6
2,2024-01-11T20:44:34.000,2024-01-11T20:54:57.000,1,1.41,11.4,1.0,3.28,1.0,19.68
2,2024-01-10T11:28:50.000,2024-01-10T11:39:11.000,1,1.21,10.7,0.0,4.41,1.0,19.11
2,2024-01-09T17:46:15.000,2024-01-09T17:52:39.000,1,0.91,7.9,2.5,2.88,1.0,17.28
2,2024-01-04T20:10:26.000,2024-01-04T20:13:54.000,1,0.38,5.1,1.0,0.0,1.0,10.1
1,2024-01-17T07:25:13.000,2024-01-17T07:34:14.000,1,1.1,8.6,2.5,2.5,1.0,15.1
1,2024-01-25T00:32:12.000,2024-01-25T00:50:27.000,1,4.4,20.5,3.5,6.4,1.0,31.9
2,2024-01-14T00:09:47.000,2024-01-14T00:11:52.000,1,0.61,-5.1,-1.0,0.0,-1.0,-10.1
1,2024-01-13T21:19:31.000,2024-01-13T21:33:06.000,1,1.6,12.1,3.5,4.3,1.0,21.4
1,2024-01-14T23:24:04.000,2024-01-14T23:34:56.000,1,1.5,12.1,3.5,0.0,1.0,17.1
2,2024-01-08T18:00:56.000,2024-01-08T18:13:31.000,1,4.67,19.8,2.5,5.11,1.0,30.66
2,2024-01-10T00:50:54.000,2024-01-10T00:54:30.000,1,0.0,8.0,0.0,0.0,1.0,9.5
2,2024-01-30T17:31:23.000,2024-01-30T17:48:47.000,1,2.9,18.4,2.5,3.25,1.0,28.15
2,2024-01-28T15:14:06.000,2024-01-28T15:20:45.000,1,1.02,7.9,0.0,0.0,1.0,11.9
2,2024-01-11T13:14:20.000,2024-01-11T13:32:36.000,1,1.78,17.0,0.0,0.0,1.0,21.0
1,2024-01-26T08:49:42.000,2024-01-26T09:25:48.000,1,11.9,52.0,9.25,10.0,1.0,79.69
2,2024-01-30T03:39:36.000,2024-01-30T03:44:39.000,1,1.94,9.3,1.0,2.86,1.0,17.16
2,2024-01-25T10:21:46.000,2024-01-25T10:28:46.000,1,1.44,9.3,0.0,1.5,1.0,14.8
1,2024-01-25T20:26:18.000,2024-01-25T20:36:37.000,1,1.9,12.8,3.5,2.0,1.0,19.8
2,2024-01-27T19:16:37.000,2024-01-27T19:33:38.000,1,2.01,15.6,0.0,0.0,1.0,22.1
2,2024-01-24T15:36:03.000,2024-01-24T15:44:56.000,1,0.91,9.3,0.0,0.0,1.0,13.3
2,2024-01-28T08:13:33.000,2024-01-28T08:18:51.000,1,1.3,7.9,0.0,2.0,1.0,13.9
2,2024-01-24T13:39:39.000,2024-01-24T14:32:51.000,1,2.91,40.1,0.0,0.0,1.0,44.1
2,2024-01-20T09:52:21.000,2024-01-20T10:02:12.000,1,1.7,12.1,0.0,2.0,1.0,18.1
2,2024-01-29T11:34:30.000,2024-01-29T12:19:31.000,1,18.33,70.0,0.0,16.19,1.0,98.88
1,2024-01-18T19:02:26.000,2024-01-18T19:13:26.000,2,0.9,10.7,5.0,3.4,1.0,20.6
2,2024-01-12T12:14:11.000,2024-01-12T12:31:39.000,1,1.27,15.6,0.0,3.92,1.0,23.52
1,2024-01-25T18:01:12.000,2024-01-25T18:10:58.000,1,0.7,10.0,5.0,3.3,1.0,19.8
1,2024-01-24T12:11:27.000,2024-01-24T12:17:48.000,2,0.5,7.2,2.5,2.2,1.0,13.4
1,2024-01-09T12:05:49.000,2024-01-09T12:23:22.000,1,6.4,28.2,6.75,7.25,1.0,43.7
1,2024-01-14T19:26:21.000,2024-01-14T19:35:40.000,1,2.1,11.4,2.5,0.0,1.0,15.4
2,2024-01-16T18:17:35.000,2024-01-16T18:29:01.000,2,1.98,12.8,2.5,1.5,1.0,20.8
2,2024-01-25T11:35:14.000,2024-01-25T11:40:54.000,1,0.69,7.2,0.0,2.24,1.0,13.44
2,2024-01-30T11:29:24.000,2024-01-30T11:31:46.000,1,0.49,4.4,0.0,2.52,1.0,10.92
1,2024-01-24T17:28:20.000,2024-01-24T17:35:38.000,1,0.8,7.9,5.0,2.85,1.0,17.25
1,2024-01-29T19:51:27.000,2024-01-29T20:06:17.000,1,2.7,14.2,5.0,4.1,1.0,24.8
2,2024-01-26T13:26:11.000,2024-01-26T13:31:09.000,2,0.62,6.5,0.0,3.0,1.0,13.5
1,2024-01-10T17:56:43.000,2024-01-10T18:14:45.000,0,2.6,18.4,5.0,4.95,1.0,29.85
1,2024-01-01T18:31:10.000,2024-01-01T19:13:35.000,0,21.4,82.8,1.75,0.0,1.0,86.05
2,2024-01-02T20:20:43.000,2024-01-02T20:26:54.000,1,1.85,10.7,1.0,3.14,1.0,18.84
2,2024-01-08T17:24:19.000,2024-01-08T17:29:39.000,1,0.78,7.2,2.5,6.0,1.0,19.7
1,2024-01-13T16:49:27.000,2024-01-13T17:51:25.000,1,17.5,70.0,4.25,15.15,1.0,90.9
2,2024-01-04T20:00:29.000,2024-01-04T20:07:52.000,1,0.91,8.6,1.0,1.0,1.0,14.6
2,2024-01-27T14:44:43.000,2024-01-27T15:11:13.000,1,4.5,26.1,0.0,0.0,1.0,30.1
2,2024-01-27T21:39:50.000,2024-01-27T21:48:22.000,3,1.27,10.0,1.0,3.0,1.0,18.0
2,2024-01-04T12:56:50.000,2024-01-04T13:10:13.000,1,1.7,13.5,0.0,0.0,1.0,17.5
1,2024-01-18T07:32:12.000,2024-01-18T07:48:34.000,1,3.0,17.7,2.5,4.3,1.0,26.0
2,2024-01-10T17:29:02.000,2024-01-10T17:51:49.000,1,4.25,24.0,2.5,4.0,1.0,34.5
2,2024-01-21T03:07:31.000,2024-01-21T03:11:31.000,1,0.62,5.8,1.0,3.24,1.0,14.04
2,2024-01-18T16:08:53.000,2024-01-18T16:27:00.000,2,2.99,19.1,0.0,0.0,1.0,23.1
2,2024-01-06T09:48:40.000,2024-01-06T09:53:51.000,1,1.57,8.6,0.0,2.52,1.0,15.12
2,2024-01-31T21:00:17.000,2024-01-31T21:12:37.000,2,2.0,13.5,1.0,3.7,1.0,22.2
1,2024-01-18T08:21:48.000,2024-01-18T08:38:51.000,1,1.4,12.8,2.5,3.35,1.0,20.15
2,2024-01-20T13:40:24.000,2024-01-20T13:55:51.000,1,1.77,14.2,0.0,3.64,1.0,21.84
2,2024-01-13T17:02:59.000,2024-01-13T17:16:41.000,2,1.58,13.5,0.0,3.5,1.0,21.0
2,2024-01-15T15:12:27.000,2024-01-15T15:18:41.000,3,0.9,7.9,0.0,0.0,1.0,11.9
1,2024-01-16T09:56:17.000,2024-01-16T10:24:28.000,1,2.4,24.0,2.5,2.0,1.0,30.0
1,2024-01-14T01:20:13.000,2024-01-14T01:26:46.000,1,0.9,7.9,3.5,2.6,1.0,15.5
2,2024-01-13T21:47:29.000,2024-01-13T21:54:55.000,1,2.06,11.4,1.0,3.28,1.0,19.68
2,2024-01-14T14:56:49.000,2024-01-14T15:15:44.000,1,4.88,24.0,0.0,3.0,1.0,31.0
2,2024-01-17T16:08:33.000,2024-01-17T16:14:12.000,1,0.6,7.2,2.5,2.74,1.0,16.44
2,2024-01-19T21:46:22.000,2024-01-19T21:52:02.000,2,1.66,9.3,1.0,1.43,1.0,15.73
2,2024-01-01T02:46:53.000,2024-01-01T02:58:40.000,1,2.65,14.2,1.0,3.84,1.0,23.04
1,2024-01-09T16:54:16.000,2024-01-09T17:32:01.000,1,6.4,35.2,5.0,5.0,1.0,46.7
2,2024-01-19T12:06:12.000,2024-01-19T12:11:37.000,1,0.66,7.2,0.0,1.68,1.0,12.88
2,2024-01-26T10:07:09.000,2024-01-26T10:22:06.000,1,1.3,14.2,0.0,3.64,1.0,21.84
1,2024-01-28T15:27:15.000,2024-01-28T15:31:24.000,1,0.9,7.2,2.5,0.0,1.0,11.2
2,2024-01-08T10:08:14.000,2024-01-08T10:13:00.000,1,0.57,6.5,0.0,2.1,1.0,12.6
2,2024-01-15T18:39:32.000,2024-01-15T18:50:34.000,1,1.65,12.1,0.0,3.22,1.0,19.32
2,2024-01-12T13:49:57.000,2024-01-12T13:55:27.000,1,0.57,6.5,0.0,2.1,1.0,12.6
2,2024-01-21T23:53:44.000,2024-01-21T23:57:10.000,1,0.9,-10.0,-1.0,0.0,-1.0,-12.0
2,2024-01-19T18:27:16.000,2024-01-19T18:48:55.000,1,3.41,21.9,2.5,4.26,1.0,32.66
2,2024-01-13T21:11:43.000,2024-01-13T21:42:34.000,3,4.56,29.6,1.0,5.19,1.0,39.79
1,2024-01-12T20:01:28.000,2024-01-12T20:05:43.000,1,0.4,5.1,3.5,2.0,1.0,12.1
2,2024-01-30T15:57:46.000,2024-01-30T16:46:02.000,1,17.73,70.0,5.0,15.65,1.0,93.9
2,2024-01-24T23:57:06.000,2024-01-25T00:09:39.000,1,3.09,16.3,1.0,4.26,1.0,25.56
2,2024-01-28T14:42:17.000,2024-01-28T15:02:00.000,1,8.02,33.1,5.0,0.0,1.0,50.79
2,2024-01-10T16:23:45.000,2024-01-10T16:38:40.000,1,1.81,14.2,2.5,2.0,1.0,22.7
2,2024-01-26T19:43:55.000,2024-01-26T19:44:30.000,1,0.0,0.0,0.0,0.0,0.0,0.0
2,2024-01-19T11:49:34.000,2024-01-19T11:59:57.000,1,1.47,11.4,0.0,3.08,1.0,18.48
2,2024-01-03T21:58:56.000,2024-01-03T22:05:35.000,1,1.7,9.3,1.0,2.86,1.0,17.16
2,2024-01-27T16:27:18.000,2024-01-27T16:37:35.000,1,1.9,12.1,0.0,3.22,1.0,19.32
2,2024-01-29T16:01:13.000,2024-01-29T16:06:09.000,2,0.93,7.2,2.5,2.74,1.0,16.44
2,2024-01-16T20:39:27.000,2024-01-16T20:52:40.000,2,2.87,16.3,1.0,6.39,1.0,27.69
2,2024-01-29T15:23:59.000,2024-01-29T15:35:37.000,1,1.08,11.4,0.0,3.08,1.0,18.48
2,2024-01-15T13:28:35.000,2024-01-15T13:39:52.000,1,1.8,12.8,0.0,3.36,1.0,20.16
2,2024-01-09T20:13:46.000,2024-01-09T20:14:52.000,1,0.43,4.4,1.0,1.88,1.0,11.28
2,2024-01-15T11:49:58.000,2024-01-15T11:54:37.000,5,1.1,7.9,0.0,2.38,1.0,14.28
2,2024-01-16T20:19:46.000,2024-01-16T20:26:12.000,2,1.02,7.9,1.0,0.0,1.0,12.9
2,2024-01-27T16:37:36.000,2024-01-27T16:47:52.000,3,0.89,10.0,0.0,2.8,1.0,16.8
2,2024-01-01T02:43:42.000,2024-01-01T03:11:18.000,1,5.54,30.3,1.0,5.0,1.0,40.3
2,2024-01-20T08:02:41.000,2024-01-20T08:12:31.000,1,2.23,12.8,0.0,3.36,1.0,20.16
2,2024-01-31T10:24:56.000,2024-01-31T10:32:39.000,1,0.59,7.9,0.0,2.38,1.0,14.28
2,2024-01-30T23:31:50.000,2024-01-31T00:03:15.000,1,6.96,34.5,1.0,7.9,1.0,47.4
1,2024-01-02T15:37:30.000,2024-01-02T15:59:24.000,1,3.4,19.8,2.5,0.0,1.0,23.8
1,2024-01-25T05:03:59.000,2024-01-25T05:11:21.000,1,4.1,17.7,3.5,6.8,1.0,29.5
2,2024-01-22T11:09:28.000,2024-01-22T11:32:30.000,1,1.72,19.1,0.0,3.0,1.0,26.1
2,2024-01-10T15:50:30.000,2024-01-10T15:57:10.000,1,0.5,7.9,0.0,2.38,1.0,14.28
2,2024-01-11T17:33:55.000,2024-01-11T17:37:00.000,1,0.41,5.1,2.5,2.9,1.0,14.5
2,2024-01-10T22:56:10.000,2024-01-10T23:10:18.000,1,3.22,17.0,1.0,0.0,1.0,22.0
2,2024-01-06T22:48:38.000,2024-01-06T22:59:21.000,1,1.2,11.4,1.0,4.1,1.0,20.5
2,2024-01-10T12:26:45.000,2024-01-10T12:45:11.000,2,8.56,34.5,5.0,10.09,1.0,62.28
2,2024-01-16T21:17:24.000,2024-01-16T21:38:59.000,3,3.6,22.6,1.0,6.9,1.0,34.5
2,2024-01-03T12:51:05.000,2024-01-03T13:09:35.000,4,2.53,18.4,0.0,0.0,1.0,22.4
2,2024-01-31T16:28:14.000,2024-01-31T16:37:46.000,1,3.99,17.7,2.5,0.0,1.0,23.45
1,2024-01-31T09:46:05.000,2024-01-31T10:04:26.000,1,1.2,15.6,2.5,3.9,1.0,23.5
2,2024-01-15T23:13:06.000,2024-01-15T23:36:17.000,1,5.71,28.9,1.0,10.17,1.0,44.07
2,2024-01-29T10:40:43.000,2024-01-29T11:07:45.000,1,4.03,26.1,0.0,2.75,1.0,32.85
2,2024-01-17T13:03:40.000,2024-01-17T13:19:32.000,1,1.33,14.9,0.0,3.78,1.0,22.68
2,2024-01-06T13:20:52.000,2024-01-06T13:26:10.000,1,0.97,7.2,0.0,2.24,1.0,13.44
1,2024-01-09T15:30:58.000,2024-01-09T15:39:19.000,1,1.0,7.9,2.5,3.0,1.0,14.9
2,2024-01-31T18:39:23.000,2024-01-31T18:46:32.000,2,1.21,9.3,2.5,3.16,1.0,18.96
1,2024-01-26T21:56:25.000,2024-01-26T22:05:27.000,1,1.3,10.0,3.5,0.0,1.0,15.0
1,2024-01-08T19:15:47.000,2024-01-08T19:22:26.000,1,0.5,6.5,5.0,1.0,1.0,14.0
2,2024-01-26T06:36:12.000,2024-01-26T06:41:16.000,1,0.81,7.2,0.0,1.0,1.0,12.2
2,2024-01-01T04:00:27.000,2024-01-01T04:00:39.000,0,0.0,13.1,0.0,3.42,1.0,20.52
1,2024-01-02T19:22:02.000,2024-01-02T19:33:15.000,1,2.6,14.9,5.0,3.0,1.0,24.4
2,2024-01-09T19:30:40.000,2024-01-09T19:51:01.000,2,3.09,20.5,2.5,5.4,1.0,32.4
2,2024-01-12T17:30:42.000,2024-01-12T17:37:31.000,1,1.26,8.6,2.5,1.0,1.0,16.1
2,2024-01-17T13:40:30.000,2024-01-17T14:51:47.000,2,16.39,70.0,0.0,14.8,1.0,88.8
2,2024-01-12T00:19:49.000,2024-01-12T00:26:31.000,1,1.76,10.0,1.0,3.0,1.0,18.0
2,2024-01-13T17:10:55.000,2024-01-13T17:14:16.000,1,0.67,5.8,0.0,1.96,1.0,11.76
2,2024-01-15T23:59:53.000,2024-01-16T00:42:47.000,1,18.48,70.0,0.0,16.19,1.0,98.88
1,2024-01-24T21:27:47.000,2024-01-24T21:48:11.000,1,4.2,23.3,2.5,6.8,1.0,34.1
2,2024-01-13T19:36:23.000,2024-01-13T19:46:48.000,2,1.62,11.4,0.0,3.08,1.0,18.48
2,2024-01-10T17:16:13.000,2024-01-10T17:37:45.000,1,3.34,21.2,2.5,5.54,1.0,33.24
2,2024-01-18T21:33:26.000,2024-01-18T21:51:26.000,1,4.61,23.3,1.0,5.66,1.0,33.96
1,2024-01-29T14:59:00.000,2024-01-29T15:23:37.000,1,2.2,19.1,2.5,4.6,1.0,27.7
2,2024-01-23T06:11:34.000,2024-01-23T06:22:01.000,1,3.0,14.9,0.0,3.4,1.0,22.3
2,2024-01-03T15:22:26.000,2024-01-03T15:40:58.000,1,3.13,19.1,0.0,4.62,1.0,27.72
2,2024-01-22T14:47:30.000,2024-01-22T15:33:47.000,1,17.93,70.0,0.0,15.69,1.0,95.88
2,2024-01-05T19:15:22.000,2024-01-05T19:28:40.000,1,2.11,14.2,2.5,4.14,1.0,24.84
1,2024-01-22T10:39:13.000,2024-01-22T11:07:51.000,0,1.5,17.7,2.5,5.4,1.0,27.1
1,2024-01-20T21:50:45.000,2024-01-20T22:02:35.000,1,1.8,11.4,3.5,3.3,1.0,19.7
1,2024-01-22T18:55:02.000,2024-01-22T19:05:09.000,1,1.8,12.1,5.0,5.55,1.0,24.15
2,2024-01-23T09:12:09.000,2024-01-23T09:32:35.000,1,2.55,19.8,0.0,4.76,1.0,28.56
1,2024-01-23T11:19:47.000,2024-01-23T11:23:42.000,1,0.3,5.8,2.5,1.95,1.0,11.75
2,2024-01-26T10:30:15.000,2024-01-26T10:52:45.000,2,10.34,41.5,5.0,10.99,1.0,67.68
2,2024-01-14T20:55:39.000,2024-01-14T20:58:43.000,1,0.84,5.8,1.0,0.0,1.0,10.8
2,2024-01-16T17:11:27.000,2024-01-16T17:20:19.000,1,1.03,9.3,2.5,4.74,1.0,20.54
2,2024-01-12T22:40:32.000,2024-01-12T22:52:17.000,2,1.21,11.4,1.0,3.28,1.0,19.68
2,2024-01-20T00:50:57.000,2024-01-20T01:07:46.000,1,6.28,27.5,1.0,0.0,1.0,32.5
1,2024-01-28T14:01:16.000,2024-01-28T14:24:16.000,1,1.2,19.1,2.5,4.6,1.0,27.7
2,2024-01-05T18:04:35.000,2024-01-05T18:18:26.000,4,2.22,14.2,2.5,5.17,1.0,25.87
2,2024-01-21T11:17:27.000,2024-01-21T11:24:31.000,1,1.29,9.3,0.0,0.0,1.0,13.3
2,2024-01-17T06:57:01.000,2024-01-17T06:59:54.000,1,0.45,5.1,0.0,1.82,1.0,10.92
2,2024-01-24T11:11:51.000,2024-01-24T11:18:28.000,1,0.69,6.5,0.0,0.0,1.0,8.0
1,2024-01-12T09:20:26.000,2024-01-12T09:36:11.000,1,1.7,14.2,2.5,3.65,1.0,21.85
2,2024-01-29T23:18:56.000,2024-01-29T23:21:21.000,1,0.83,5.8,1.0,2.16,1.0,12.96
1,2024-01-02T18:42:30.000,2024-01-02T19:40:33.000,1,33.9,142.0,1.75,31.75,1.0,190.38
2,2024-01-05T18:36:05.000,2024-01-05T18:52:11.000,2,2.14,16.3,2.5,0.0,1.0,22.8
2,2024-01-28T15:42:55.000,2024-01-28T15:52:50.000,1,1.41,10.7,0.0,3.68,1.0,18.38
2,2024-01-23T17:22:07.000,2024-01-23T17:34:11.000,1,1.39,12.1,2.5,0.0,1.0,18.6
2,2024-01-31T11:17:00.000,2024-01-31T11:24:59.000,1,1.39,9.3,0.0,2.66,1.0,15.96
2,2024-01-07T10:52:09.000,2024-01-07T10:55:25.000,1,1.13,6.5,0.0,2.1,1.0,12.6
2,2024-01-18T13:09:55.000,2024-01-18T13:23:39.000,1,1.53,13.5,0.0,3.5,1.0,21.0
2,2024-01-28T23:52:34.000,2024-01-29T00:19:49.000,3,17.59,-70.0,0.0,0.0,-1.0,-82.24
2,2024-01-03T18:40:03.000,2024-01-03T18:53:47.000,1,2.42,14.9,2.5,4.28,1.0,25.68
2,2024-01-30T22:39:15.000,2024-01-30T23:19:25.000,4,18.56,70.0,0.0,22.2,1.0,97.95
2,2024-01-23T16:55:14.000,2024-01-23T17:13:35.000,1,4.87,23.3,2.5,5.96,1.0,35.76
1,2024-01-17T18:03:11.000,2024-01-17T18:28:33.000,1,6.1,31.0,5.0,7.5,1.0,45.0
1,2024-01-20T17:14:19.000,2024-01-20T17:37:46.000,1,2.7,17.7,2.5,4.3,1.0,26.0
2,2024-01-03T16:16:03.000,2024-01-03T16:22:55.000,1,0.87,7.9,2.5,0.0,1.0,14.4
2,2024-01-29T11:35:00.000,2024-01-29T11:47:10.000,1,2.09,14.2,0.0,0.0,1.0,18.2
1,2024-01-23T12:05:33.000,2024-01-23T12:21:24.000,0,1.1,14.2,2.5,0.5,1.0,18.7
1,2024-01-10T16:33:09.000,2024-01-10T16:50:52.000,1,2.8,18.4,5.0,4.95,1.0,29.85
2,2024-01-27T04:31:39.000,2024-01-27T04:37:08.000,1,1.15,8.6,1.0,2.72,1.0,16.32
1,2024-01-09T18:25:28.000,2024-01-09T18:28:17.000,1,0.4,4.4,5.0,3.25,1.0,14.15
1,2024-01-07T00:09:48.000,2024-01-07T00:14:33.000,1,1.5,8.6,3.5,2.7,1.0,16.3
2,2024-01-25T13:07:49.000,2024-01-25T13:32:18.000,1,2.55,21.9,0.0,5.18,1.0,31.08
1,2024-01-19T18:58:53.000,2024-01-19T19:14:50.000,2,1.0,14.2,5.0,4.1,1.0,24.8
2,2024-01-28T16:50:49.000,2024-01-28T16:55:36.000,1,0.72,6.5,0.0,1.78,1.0,12.28
2,2024-01-05T13:19:33.000,2024-01-05T13:34:48.000,1,2.01,14.9,0.0,3.78,1.0,22.68
1,2024-01-19T05:31:51.000,2024-01-19T05:54:32.000,1,12.0,47.1,8.5,16.0,1.0,80.04
2,2024-01-03T17:36:03.000,2024-01-03T17:38:13.000,1,0.6,5.1,2.5,1.5,1.0,13.1
2,2024-01-24T18:48:56.000,2024-01-24T19:15:13.000,1,6.12,32.4,2.5,1.0,1.0,39.9
2,2024-01-29T13:16:26.000,2024-01-29T13:31:41.000,1,2.44,17.0,0.0,4.2,1.0,25.2
2,2024-01-05T12:20:48.000,2024-01-05T12:30:05.000,2,1.6,10.7,0.0,2.94,1.0,17.64
2,2024-01-23T21:39:27.000,2024-01-23T21:50:39.000,2,2.11,12.8,1.0,3.56,1.0,21.36
2,2024-01-15T14:47:45.000,2024-01-15T14:53:47.000,1,0.52,7.2,0.0,2.24,1.0,13.44
2,2024-01-11T15:01:29.000,2024-01-11T15:14:29.000,1,1.73,13.5,0.0,3.5,1.0,21.0
2,2024-01-13T23:16:18.000,2024-01-13T23:26:28.000,1,2.09,12.1,1.0,3.42,1.0,20.52
2,2024-01-03T20:06:19.000,2024-01-03T20:13:47.000,1,1.73,10.0,2.5,2.0,1.0,18.5
2,2024-01-23T10:24:53.000,2024-01-23T10:28:58.000,3,0.49,5.1,0.0,0.0,1.0,9.1
2,2024-01-13T12:10:11.000,2024-01-13T12:15:14.000,1,0.61,6.5,0.0,2.1,1.0,12.6
2,2024-01-28T10:24:24.000,2024-01-28T10:29:10.000,1,0.75,6.5,0.0,2.1,1.0,12.6
1,2024-01-15T18:55:08.000,2024-01-15T19:22:46.000,1,9.9,40.8,6.75,9.8,1.0,58.85
1,2024-01-16T14:13:25.000,2024-01-16T14:22:23.000,1,1.3,9.3,2.5,1.5,1.0,14.8
2,2024-01-13T20:50:41.000,2024-01-13T21:23:10.000,2,5.92,34.5,1.0,7.9,1.0,47.4
2,2024-01-01T23:17:24.000,2024-01-01T23:26:34.000,2,2.08,12.1,1.0,0.0,1.0,17.1
2,2024-01-22T09:46:02.000,2024-01-22T10:08:16.000,2,1.22,18.4,0.0,0.0,1.0,22.4
2,2024-01-02T23:53:40.000,2024-01-02T23:57:06.000,1,1.44,7.9,1.0,2.58,1.0,15.48
2,2024-01-29T20:04:00.000,2024-01-29T20:21:12.000,2,2.01,16.3,1.0,4.26,1.0,25.56
1,2024-01-03T08:23:40.000,2024-01-03T09:16:10.000,1,18.0,70.0,2.5,8.0,1.0,88.94
2,2024-01-25T09:23:18.000,2024-01-25T09:28:18.000,1,0.89,7.2,0.0,2.24,1.0,13.44
2,2024-01-21T13:29:16.000,2024-01-21T13:39:19.000,5,1.58,11.4,0.0,2.0,1.0,17.4
2,2024-01-04T19:23:40.000,2024-01-04T19:28:10.000,1,0.82,6.5,2.5,2.6,1.0,15.6
2,2024-01-14T23:47:12.000,2024-01-15T00:06:15.000,2,9.56,37.3,1.0,10.58,1.0,52.88
2,2024-01-22T16:56:00.000,2024-01-22T17:02:27.000,2,1.14,8.6,2.5,0.9,1.0,16.0
2,2024-01-26T23:20:50.000,2024-01-26T23:32:01.000,1,3.08,15.6,1.0,4.12,1.0,24.72
1,2024-01-09T17:39:12.000,2024-01-09T17:44:30.000,1,1.4,8.6,5.0,3.02,1.0,18.12
2,2024-01-13T23:41:51.000,2024-01-13T23:41:58.000,3,0.0,35.0,0.0,4.0,1.0,42.5
2,2024-01-21T15:35:57.000,2024-01-21T15:40:46.000,1,1.24,7.2,0.0,2.24,1.0,13.44
1,2024-01-02T19:09:01.000,2024-01-02T19:15:42.000,1,1.2,7.9,5.0,2.9,1.0,17.3
2,2024-01-11T14:33:50.000,2024-01-11T14:59:31.000,6,1.71,21.9,0.0,5.18,1.0,31.08
2,2024-01-01T13:28:21.000,2024-01-01T14:10:43.000,3,16.13,86.7,0.0,5.5,1.0,105.95
2,2024-01-11T17:36:12.000,2024-01-11T17:44:56.000,1,1.7,10.7,2.5,3.44,1.0,20.64
1,2024-01-22T16:06:51.000,2024-01-22T16:31:52.000,1,8.9,36.6,5.0,0.0,1.0,46.28
1,2024-01-01T18:36:58.000,2024-01-01T18:47:49.000,1,3.6,17.7,5.0,0.0,1.0,24.2
1,2024-01-09T22:02:08.000,2024-01-09T22:13:20.000,1,1.6,10.7,3.5,3.15,1.0,18.85
2,2024-01-14T19:43:46.000,2024-01-14T20:24:52.000,1,20.58,70.0,0.0,24.28,1.0,106.97
2,2024-01-05T22:56:43.000,2024-01-05T23:01:36.000,2,1.1,7.2,1.0,2.44,1.0,14.64
2,2024-01-03T21:56:42.000,2024-01-03T22:15:39.000,1,3.84,21.2,1.0,5.24,1.0,31.44
2,2024-01-04T18:02:10.000,2024-01-04T18:11:16.000,1,1.8,11.4,2.5,0.0,1.0,17.9
1,2024-01-26T21:39:43.000,2024-01-26T21:51:12.000,1,2.0,12.1,3.5,3.4,1.0,20.5
2,2024-01-23T18:31:55.000,2024-01-23T18:36:18.000,1,0.41,5.8,2.5,1.84,1.0,14.14
2,2024-01-14T12:29:16.000,2024-01-14T12:35:41.000,1,1.1,8.6,0.0,1.0,1.0,13.6
2,2024-01-25T19:25:04.000,2024-01-25T19:49:18.000,1,3.55,22.6,2.5,1.46,1.0,30.56
2,2024-01-26T21:44:49.000,2024-01-26T21:57:52.000,3,1.42,12.8,1.0,3.56,1.0,21.36
1,2024-01-27T17:25:25.000,2024-01-27T17:52:47.000,1,5.4,28.9,2.5,6.55,1.0,39.45
2,2024-01-08T11:44:49.000,2024-01-08T11:56:40.000,1,2.42,14.9,0.0,3.78,1.0,22.68
2,2024-01-16T18:49:13.000,2024-01-16T19:04:59.000,1,7.43,30.3,7.5,7.86,1.0,48.91
2,2024-01-11T19:31:37.000,2024-01-11T19:35:54.000,3,0.46,5.8,2.5,2.46,1.0,14.76
2,2024-01-17T21:45:40.000,2024-01-17T22:16:24.000,1,17.49,67.4,1.0,17.48,1.0,89.13
2,2024-01-13T18:24:38.000,2024-01-13T18:42:18.000,2,2.96,17.7,0.0,4.34,1.0,26.04
1,2024-01-16T14:37:28.000,2024-01-16T14:56:56.000,2,2.8,19.1,0.0,2.0,1.0,22.6
2,2024-01-27T19:54:29.000,2024-01-27T20:34:51.000,1,11.84,52.7,0.0,11.19,1.0,67.14
2,2024-01-02T22:53:04.000,2024-01-02T23:21:09.000,1,10.1,43.6,1.0,9.72,1.0,58.32
2,2024-01-20T23:34:02.000,2024-01-20T23:48:40.000,1,1.06,13.5,1.0,2.0,1.0,20.5
1,2024-01-11T11:27:44.000,2024-01-11T11:32:28.000,1,0.5,5.8,2.5,2.45,1.0,12.25
1,2024-01-21T19:41:01.000,2024-01-21T19:47:22.000,1,1.1,8.6,2.5,3.75,1.0,16.35
2,2024-01-17T10:35:06.000,2024-01-17T10:43:19.000,1,1.3,10.0,0.0,0.0,1.0,14.0
1,2024-01-23T14:19:43.000,2024-01-23T14:22:32.000,1,0.5,5.8,2.5,2.0,1.0,11.8
2,2024-01-02T12:03:28.000,2024-01-02T12:07:51.000,1,0.54,5.8,0.0,1.0,1.0,8.3
2,2024-01-11T20:30:06.000,2024-01-11T21:08:36.000,1,10.64,47.8,1.0,11.95,1.0,71.69
2,2024-01-16T06:29:16.000,2024-01-16T06:43:37.000,1,1.49,13.5,0.0,0.0,1.0,17.5
2,2024-01-28T09:31:32.000,2024-01-28T09:35:18.000,2,0.69,5.8,0.0,1.96,1.0,11.76
1,2024-01-26T23:17:01.000,2024-01-26T23:37:15.000,1,3.4,21.2,3.5,5.24,1.0,31.44
2,2024-01-18T13:39:54.000,2024-01-18T13:53:41.000,1,1.46,13.5,0.0,2.5,1.0,20.0
2,2024-01-10T17:23:54.000,2024-01-10T17:42:00.000,1,3.07,19.1,2.5,5.12,1.0,30.72
2,2024-01-13T12:05:01.000,2024-01-13T12:14:41.000,1,0.0,9.3,0.0,3.32,1.0,16.62
2,2024-01-08T19:11:05.000,2024-01-08T19:26:21.000,1,1.83,14.9,2.5,3.21,1.0,24.61
2,2024-01-29T22:47:18.000,2024-01-29T23:34:51.000,1,14.84,63.9,1.0,10.0,1.0,78.9
2,2024-01-01T10:00:43.000,2024-01-01T10:18:22.000,1,6.46,29.6,0.0,0.0,1.0,33.6
2,2024-01-20T15:53:49.000,2024-01-20T16:08:36.000,1,1.5,14.2,0.0,2.73,1.0,20.93
2,2024-01-04T16:41:39.000,2024-01-04T16:57:44.000,1,1.54,14.2,2.5,5.17,1.0,25.87
2,2024-01-12T18:10:39.000,2024-01-12T18:19:16.000,1,1.31,10.0,2.5,3.3,1.0,19.8
2,2024-01-20T23:52:01.000,2024-01-21T00:01:08.000,2,1.75,11.4,1.0,3.28,1.0,19.68
2,2024-01-04T20:42:51.000,2024-01-04T20:59:43.000,2,9.96,38.7,1.0,0.0,1.0,43.7
2,2024-01-03T19:53:50.000,2024-01-03T20:03:32.000,1,1.03,10.0,2.5,0.0,1.0,16.5
2,2024-01-02T12:55:43.000,2024-01-02T13:03:17.000,1,0.75,7.9,0.0,2.38,1.0,14.28
2,2024-01-31T09:13:32.000,2024-01-31T09:29:39.000,1,1.3,-14.9,0.0,0.0,-1.0,-18.9
2,2024-01-14T16:35:11.000,2024-01-14T16:54:42.000,1,3.92,21.2,0.0,5.04,1.0,30.24
1,2024-01-14T02:06:48.000,2024-01-14T02:16:01.000,1,1.7,10.0,3.5,3.0,1.0,18.0
2,2024-01-18T17:08:53.000,2024-01-18T17:33:48.000,1,2.48,21.2,2.5,4.16,1.0,31.86
1,2024-01-06T17:16:04.000,2024-01-06T17:37:18.000,2,1.2,17.7,2.5,4.3,1.0,26.0
2,2024-01-22T10:45:14.000,2024-01-22T11:27:24.000,1,18.76,75.8,0.0,0.0,1.0,79.05
1,2024-01-11T17:28:07.000,2024-01-11T17:37:39.000,1,1.2,10.0,5.0,0.83,1.0,17.33
1,2024-01-13T22:20:10.000,2024-01-13T22:45:31.000,2,5.1,24.7,3.5,7.4,1.0,37.1
2,2024-01-01T02:05:08.000,2024-01-01T02:12:05.000,3,0.8,8.6,1.0,2.72,1.0,16.32
2,2024-01-27T05:11:39.000,2024-01-27T05:22:19.000,1,4.56,18.4,1.0,4.68,1.0,28.08
2,2024-01-04T20:30:26.000,2024-01-04T20:42:02.000,1,2.16,13.5,1.0,1.5,1.0,20.0
2,2024-01-10T21:58:11.000,2024-01-10T22:02:02.000,1,0.64,5.8,1.0,2.16,1.0,12.96
2,2024-01-18T11:52:01.000,2024-01-18T11:52:14.000,1,0.0,3.0,0.0,0.0,1.0,4.5
2,2024-01-25T20:46:49.000,2024-01-25T21:01:58.000,3,1.65,14.2,1.0,0.0,1.0,19.2
1,2024-01-18T10:29:20.000,2024-01-18T11:08:38.000,2,10.5,46.4,9.25,12.8,1.0,76.89
2,2024-01-13T02:01:48.000,2024-01-13T02:25:10.000,1,4.03,24.0,1.0,5.8,1.0,34.8
1,2024-01-19T12:12:49.000,2024-01-19T12:22:06.000,2,1.0,10.0,2.5,1.5,1.0,15.5
1,2024-01-06T09:23:57.000,2024-01-06T09:37:59.000,1,3.8,18.4,2.5,0.0,1.0,22.4
2,2024-01-03T19:26:31.000,2024-01-03T19:41:34.000,1,6.92,28.9,2.5,35.4,1.0,70.8
2,2024-01-21T21:04:37.000,2024-01-21T21:15:29.000,1,2.38,13.5,1.0,1.8,1.0,20.3
2,2024-01-13T08:03:35.000,2024-01-13T08:12:39.000,1,1.77,11.4,0.0,2.58,1.0,15.48
2,2024-01-22T01:18:57.000,2024-01-22T01:20:41.000,1,0.32,4.4,1.0,0.0,1.0,9.4
2,2024-01-21T10:12:29.000,2024-01-21T10:21:49.000,1,1.64,10.7,0.0,5.0,1.0,19.7
1,2024-01-11T07:30:18.000,2024-01-11T07:51:01.000,1,8.8,36.6,2.5,3.0,1.0,43.6
1,2024-01-21T11:47:13.000,2024-01-21T11:52:37.000,1,1.1,7.9,2.5,0.0,1.0,11.9
2,2024-01-13T18:57:21.000,2024-01-13T19:12:02.000,1,2.78,15.6,0.0,1.5,1.0,21.1
2,2024-01-27T19:31:48.000,2024-01-27T19:34:54.000,2,0.45,5.1,0.0,1.0,1.0,10.1
2,2024-01-21T20:00:42.000,2024-01-21T20:22:00.000,2,4.1,22.6,1.0,4.14,1.0,31.74
2,2024-01-13T03:45:54.000,2024-01-13T03:46:06.000,1,0.05,21.36,0.0,0.0,1.0,24.86
2,2024-01-22T09:25:30.000,2024-01-22T09:39:29.000,1,1.65,13.5,0.0,3.0,1.0,18.0
1,2024-01-17T20:47:48.000,2024-01-17T20:51:15.000,1,0.6,5.8,3.5,1.0,1.0,11.8
2,2024-01-09T11:11:04.000,2024-01-09T11:27:23.000,1,1.76,14.9,0.0,3.78,1.0,22.68
2,2024-01-06T18:51:29.000,2024-01-06T18:57:34.000,1,0.94,7.9,0.0,2.38,1.0,14.28
1,2024-01-10T14:11:05.000,2024-01-10T14:21:44.000,1,1.4,11.4,2.5,3.05,1.0,18.45
2,2024-01-20T14:43:27.000,2024-01-20T15:21:42.000,1,8.69,45.7,0.0,10.44,1.0,62.64
2,2024-01-12T01:01:06.000,2024-01-12T01:12:41.000,1,2.6,14.2,1.0,3.84,1.0,23.04
2,2024-01-29T13:42:54.000,2024-01-29T13:55:12.000,1,2.21,13.5,0.0,5.25,1.0,22.75
2,2024-01-09T05:03:07.000,2024-01-09T05:10:11.000,1,1.43,9.3,1.0,0.0,1.0,11.8
2,2024-01-01T22:07:41.000,2024-01-01T22:19:45.000,2,2.95,14.9,1.0,1.0,1.0,20.9
2,2024-01-28T14:15:34.000,2024-01-28T14:30:45.000,1,2.52,14.9,0.0,5.67,1.0,24.57
2,2024-01-14T10:56:30.000,2024-01-14T11:09:23.000,2,3.17,17.0,0.0,4.2,1.0,25.2
1,2024-01-13T19:07:54.000,2024-01-13T19:12:50.000,1,0.6,5.8,2.5,1.96,1.0,11.76
2,2024-01-27T02:28:49.000,2024-01-27T02:32:56.000,2,0.83,6.5,1.0,2.3,1.0,13.8
2,2024-01-10T14:01:22.000,2024-01-10T14:20:24.000,1,3.22,19.1,0.0,5.78,1.0,28.88
2,2024-01-09T16:21:28.000,2024-01-09T16:33:58.000,1,1.52,12.8,2.5,2.0,1.0,21.3
2,2024-01-22T00:55:50.000,2024-01-22T01:22:53.000,2,20.03,70.0,0.0,16.19,1.0,98.88
2,2024-01-24T13:07:05.000,2024-01-24T13:24:31.000,1,2.47,17.0,0.0,4.2,1.0,25.2
1,2024-01-06T20:59:41.000,2024-01-06T21:22:44.000,1,2.0,18.4,3.5,4.7,1.0,28.1
1,2024-01-29T16:02:56.000,2024-01-29T16:25:31.000,1,4.5,24.0,2.5,5.6,1.0,33.6
1,2024-01-13T00:10:49.000,2024-01-13T00:16:35.000,3,0.6,6.5,3.5,2.3,1.0,13.8
1,2024-01-18T13:00:57.000,2024-01-18T13:03:55.000,1,0.4,4.4,2.5,2.0,1.0,10.4
2,2024-01-05T11:39:11.000,2024-01-05T12:03:50.000,1,12.53,49.2,5.0,11.99,1.0,71.94
2,2024-01-18T17:03:31.000,2024-01-18T17:15:48.000,1,1.38,12.1,2.5,1.0,1.0,19.6
2,2024-01-03T13:24:07.000,2024-01-03T13:35:50.000,1,1.56,12.1,0.0,3.22,1.0,19.32
2,2024-01-04T17:07:46.000,2024-01-04T17:24:04.000,1,5.38,24.0,7.5,5.21,1.0,39.96
2,2024-01-06T01:22:05.000,2024-01-06T01:26:54.000,1,0.61,6.5,1.0,1.0,1.0,12.5
2,2024-01-02T10:10:11.000,2024-01-02T10:13:39.000,1,0.62,5.8,0.0,2.45,1.0,12.25
2,2024-01-10T06:51:30.000,2024-01-10T06:55:50.000,4,1.42,7.9,0.0,0.0,1.0,11.9
2,2024-01-08T19:50:47.000,2024-01-08T19:54:23.000,1,0.47,-5.8,-2.5,0.0,-1.0,-12.3
2,2024-01-09T08:38:45.000,2024-01-09T08:49:00.000,1,1.23,10.7,0.0,2.94,1.0,17.64
2,2024-01-29T20:27:58.000,2024-01-29T20:45:51.000,1,2.56,17.0,1.0,4.4,1.0,26.4
2,2024-01-16T17:43:56.000,2024-01-16T17:58:58.000,1,1.41,14.9,2.5,4.28,1.0,25.68
1,2024-01-23T10:29:05.000,2024-01-23T11:08:57.000,1,2.6,19.5,0.0,0.0,1.0,21.0
2,2024-01-06T09:09:03.000,2024-01-06T09:16:09.000,1,1.48,9.3,0.0,2.66,1.0,15.96
2,2024-01-11T12:48:11.000,2024-01-11T13:12:40.000,1,3.42,23.3,0.0,5.46,1.0,32.76
2,2024-01-24T14:18:43.000,2024-01-24T15:00:28.000,3,4.34,33.8,0.0,7.56,1.0,45.36
1,2024-01-13T22:54:23.000,2024-01-13T23:15:02.000,1,4.6,23.3,3.5,2.0,1.0,30.3
1,2024-01-24T17:50:40.000,2024-01-24T18:07:49.000,1,1.9,14.2,5.0,0.0,1.0,20.7
2,2024-01-22T13:59:58.000,2024-01-22T14:19:01.000,2,1.4,16.3,0.0,4.06,1.0,24.36
2,2024-01-01T14:36:08.000,2024-01-01T14:46:06.000,2,1.9,12.8,0.0,1.0,1.0,17.8
1,2024-01-31T09:54:40.000,2024-01-31T10:03:02.000,1,0.8,9.3,2.5,2.65,1.0,15.95
2,2024-01-25T14:28:49.000,2024-01-25T14:58:37.000,3,17.14,86.7,0.0,9.0,1.0,115.08
2,2024-01-01T16:10:28.000,2024-01-01T16:24:57.000,1,5.75,25.4,0.0,5.29,1.0,34.69
2,2024-01-14T03:30:06.000,2024-01-14T03:30:16.000,1,0.01,25.0,0.0,5.7,1.0,34.2
2,2024-01-22T02:17:58.000,2024-01-22T02:32:40.000,1,5.76,23.3,1.0,0.0,1.0,28.3
2,2024-01-04T19:28:07.000,2024-01-04T19:37:29.000,1,1.4,10.7,2.5,3.44,1.0,20.64
2,2024-01-26T11:55:02.000,2024-01-26T12:03:03.000,1,0.82,8.6,0.0,1.0,1.0,13.6
2,2024-01-25T21:55:43.000,2024-01-25T22:16:12.000,1,3.32,20.5,1.0,5.1,1.0,30.6
2,2024-01-09T12:23:15.000,2024-01-09T12:39:21.000,4,1.6,14.9,0.0,3.78,1.0,22.68
2,2024-01-21T03:36:58.000,2024-01-21T04:00:17.000,1,5.88,31.7,1.0,7.34,1.0,44.04
2,2024-01-05T16:02:40.000,2024-01-05T16:17:49.000,4,1.74,14.2,2.5,0.0,1.0,20.7
2,2024-01-12T20:55:03.000,2024-01-12T21:07:52.000,1,2.46,14.2,1.0,3.84,1.0,23.04
2,2024-01-18T19:27:45.000,2024-01-18T19:51:26.000,1,5.81,29.6,2.5,7.22,1.0,43.32
1,2024-01-31T14:05:38.000,2024-01-31T14:09:53.000,1,0.7,6.5,2.5,0.0,1.0,10.5
2,2024-01-15T13:51:15.000,2024-01-15T14:10:29.000,5,2.9,19.8,0.0,5.95,1.0,29.75
2,2024-01-09T18:30:00.000,2024-01-09T18:41:53.000,1,2.01,13.5,2.5,4.0,1.0,24.0
2,2024-01-20T18:51:29.000,2024-01-20T19:40:03.000,2,16.08,83.0,0.0,8.0,1.0,94.5
2,2024-01-24T12:23:01.000,2024-01-24T12:32:50.000,1,0.72,9.3,0.0,2.66,1.0,15.96
2,2024-01-12T17:54:54.000,2024-01-12T18:11:33.000,1,2.44,17.7,2.5,2.0,1.0,26.2
2,2024-01-21T16:40:36.000,2024-01-21T16:55:37.000,2,1.43,14.2,0.0,4.55,1.0,22.75
2,2024-01-30T23:53:32.000,2024-01-31T00:03:53.000,5,1.44,10.7,1.0,0.0,1.0,15.7
2,2024-01-28T13:04:37.000,2024-01-28T13:16:43.000,1,0.89,11.4,0.0,3.08,1.0,18.48
2,2024-01-27T20:33:31.000,2024-01-27T20:44:35.000,2,1.64,12.1,1.0,5.13,1.0,22.23
1,2024-01-10T08:41:41.000,2024-01-10T08:47:13.000,1,0.7,7.2,2.5,2.2,1.0,13.4
1,2024-01-04T12:19:02.000,2024-01-04T12:26:35.000,2,1.2,9.3,2.5,2.65,1.0,15.95
2,2024-01-03T23:04:30.000,2024-01-03T23:17:48.000,2,2.21,14.2,1.0,2.0,1.0,21.2
2,2024-01-04T17:50:41.000,2024-01-04T18:08:18.000,1,2.47,17.0,2.5,4.7,1.0,28.2
2,2024-01-31T18:58:49.000,2024-01-31T19:13:03.000,1,1.68,14.2,2.5,6.21,1.0,26.91
2,2024-01-19T13:33:02.000,2024-01-19T13:44:08.000,1,1.29,11.4,0.0,0.0,1.0,15.4
2,2024-01-12T00:17:05.000,2024-01-12T00:23:00.000,1,1.55,9.3,1.0,3.58,1.0,17.88
2,2024-01-08T11:18:41.000,2024-01-08T11:21:51.000,6,0.59,5.1,0.0,0.0,1.0,9.1
2,2024-01-10T14:34:09.000,2024-01-10T14:55:50.000,1,2.43,19.8,0.0,0.0,1.0,23.8
2,2024-01-05T09:28:59.000,2024-01-05T09:43:15.000,1,2.02,14.9,0.0,3.78,1.0,22.68
2,2024-01-15T05:34:59.000,2024-01-15T05:37:23.000,1,0.62,5.1,1.0,1.9,1.0,12.0
2,2024-01-27T13:21:37.000,2024-01-27T13:21:42.000,1,0.01,70.0,0.0,0.0,1.0,74.0
2,2024-01-02T20:02:47.000,2024-01-02T20:22:12.000,3,12.71,47.8,6.0,5.0,1.0,68.99
2,2024-01-11T08:51:31.000,2024-01-11T09:11:02.000,1,1.76,17.0,0.0,4.2,1.0,25.2
1,2024-01-23T12:14:37.000,2024-01-23T12:25:12.000,1,1.2,8.6,2.5,2.5,1.0,15.1
2,2024-01-29T02:18:00.000,2024-01-29T02:36:05.000,5,11.11,42.2,6.0,10.29,1.0,61.74
2,2024-01-25T17:54:30.000,2024-01-25T18:10:48.000,1,1.76,15.6,2.5,5.52,1.0,27.62
2,2024-01-08T14:18:08.000,2024-01-08T14:32:10.000,1,1.73,14.2,0.0,3.64,1.0,21.84
1,2024-01-26T17:04:36.000,2024-01-26T17:16:01.000,1,1.8,11.4,5.0,3.6,1.0,21.5
2,2024-01-15T11:07:31.000,2024-01-15T11:13:27.000,1,1.17,8.6,0.0,0.0,1.0,12.6
2,2024-01-08T22:16:59.000,2024-01-08T22:41:08.000,1,4.27,24.0,1.0,5.3,1.0,31.8
1,2024-01-28T09:09:13.000,2024-01-28T09:28:16.000,1,2.9,19.8,2.5,5.0,1.0,28.8
2,2024-01-06T10:29:31.000,2024-01-06T10:33:50.000,1,0.76,6.5,0.0,1.6,1.0,9.6
2,2024-01-23T09:36:17.000,2024-01-23T09:46:19.000,1,0.25,10.0,0.0,4.2,1.0,18.2
2,2024-01-19T23:26:34.000,2024-01-19T23:30:29.000,1,0.86,6.5,1.0,2.3,1.0,13.8
2,2024-01-04T16:26:12.000,2024-01-04T16:36:07.000,1,1.33,10.7,2.5,1.72,1.0,18.92
2,2024-01-22T06:29:30.000,2024-01-22T06:36:06.000,1,1.85,10.0,0.0,2.8,1.0,16.8
2,2024-01-06T03:34:16.000,2024-01-06T03:42:05.000,1,1.41,10.0,1.0,3.0,1.0,18.0
2,2024-01-10T23:11:00.000,2024-01-10T23:18:41.000,4,1.77,10.7,1.0,0.0,1.0,15.7
2,2024-01-12T13:02:16.000,2024-01-12T13:09:05.000,1,1.61,9.3,0.0,2.66,1.0,15.96
1,2024-01-27T15:13:46.000,2024-01-27T15:29:45.000,1,0.9,14.2,2.5,0.0,1.0,18.2
2,2024-01-01T01:02:59.000,2024-01-01T01:59:26.000,1,25.83,70.0,0.0,16.19,1.0,98.88
1,2024-01-23T20:32:44.000,2024-01-23T20:40:50.000,1,1.5,10.7,3.5,3.1,1.0,18.8
2,2024-01-11T12:42:19.000,2024-01-11T12:51:09.000,1,0.97,9.3,0.0,2.66,1.0,15.96
2,2024-01-21T13:37:50.000,2024-01-21T13:41:59.000,1,1.28,7.9,5.0,3.23,1.0,19.38
2,2024-01-14T13:25:30.000,2024-01-14T13:29:53.000,1,0.77,6.5,0.0,2.1,1.0,12.6
1,2024-01-22T21:11:00.000,2024-01-22T21:15:42.000,1,0.7,6.5,3.5,2.3,1.0,13.8
2,2024-01-07T09:11:32.000,2024-01-07T09:26:15.000,1,3.82,-19.1,0.0,0.0,-1.0,-23.1
1,2024-01-28T12:31:52.000,2024-01-28T12:33:54.000,1,0.4,4.4,2.5,1.65,1.0,10.05
2,2024-01-26T15:30:39.000,2024-01-26T15:49:57.000,2,2.93,19.1,0.0,0.0,1.0,23.1
2,2024-01-17T16:22:35.000,2024-01-17T16:29:44.000,1,1.1,9.3,2.5,3.16,1.0,18.96
2,2024-01-10T11:38:51.000,2024-01-10T11:51:05.000,6,1.57,12.1,0.0,3.22,1.0,19.32
2,2024-01-05T18:48:05.000,2024-01-05T18:59:27.000,1,1.73,12.8,2.5,2.0,1.0,18.8
1,2024-01-15T14:40:02.000,2024-01-15T16:02:24.000,1,15.9,84.2,1.75,17.5,1.0,104.95
1,2024-01-26T08:33:57.000,2024-01-26T08:58:59.000,1,2.5,21.9,2.5,5.0,1.0,30.9
2,2024-01-08T06:23:52.000,2024-01-08T06:42:30.000,1,5.02,24.0,0.0,0.0,1.0,28.0
2,2024-01-14T01:38:34.000,2024-01-14T01:47:56.000,2,1.89,11.4,1.0,2.0,1.0,18.4
2,2024-01-19T09:28:25.000,2024-01-19T09:50:08.000,1,4.85,26.1,0.0,6.02,1.0,36.12
2,2024-01-16T10:14:17.000,2024-01-16T10:48:29.000,1,13.31,54.8,0.0,12.0,1.0,70.05
2,2024-01-17T18:20:42.000,2024-01-17T18:25:52.000,1,0.45,6.5,2.5,2.6,1.0,15.6
1,2024-01-23T07:00:40.000,2024-01-23T07:33:19.000,1,9.1,33.5,0.0,0.0,1.0,35.0
2,2024-01-23T08:35:30.000,2024-01-23T08:54:24.000,1,1.55,16.3,0.0,1.5,1.0,21.8
2,2024-01-17T11:48:28.000,2024-01-17T11:56:51.000,1,0.89,9.3,0.0,2.0,1.0,15.3
2,2024-01-02T22:13:49.000,2024-01-02T22:19:44.000,1,2.16,10.7,1.0,2.36,1.0,18.06
2,2024-01-02T12:35:04.000,2024-01-02T13:30:29.000,4,17.08,70.0,0.0,5.0,1.0,87.69
1,2024-01-05T19:04:10.000,2024-01-05T19:10:02.000,1,1.0,7.9,5.0,2.0,1.0,16.4
2,2024-01-20T16:42:34.000,2024-01-20T16:56:28.000,1,2.57,15.6,0.0,3.92,1.0,23.52
2,2024-01-07T11:39:10.000,2024-01-07T11:49:13.000,1,1.26,10.7,0.0,2.94,1.0,17.64
2,2024-01-06T02:18:16.000,2024-01-06T02:45:16.000,1,4.9,28.9,1.0,1.0,1.0,34.9
2,2024-01-20T10:07:01.000,2024-01-20T10:24:33.000,1,3.84,20.5,0.0,4.9,1.0,29.4
2,2024-01-25T21:28:31.000,2024-01-25T21:48:34.000,1,3.05,19.1,1.0,4.82,1.0,28.92
2,2024-01-18T00:08:56.000,2024-01-18T00:21:55.000,2,3.72,17.7,1.0,0.0,1.0,22.7
2,2024-01-23T21:59:12.000,2024-01-23T22:16:14.000,1,3.05,18.4,1.0,4.68,1.0,28.08
1,2024-01-22T13:34:42.000,2024-01-22T13:41:41.000,1,0.8,7.9,2.5,3.55,1.0,15.45
1,2024-01-26T00:05:48.000,2024-01-26T00:12:18.000,0,1.1,8.6,3.5,2.7,1.0,16.3
2,2024-01-31T23:45:25.000,2024-02-01T00:24:32.000,1,30.89,112.9,1.0,6.0,1.0,132.59
2,2024-01-16T08:44:02.000,2024-01-16T09:08:11.000,1,0.72,19.8,0.0,5.95,1.0,29.75
2,2024-01-09T22:07:17.000,2024-01-09T22:11:36.000,1,0.53,6.5,1.0,0.0,1.0,11.5
2,2024-01-23T17:16:28.000,2024-01-23T17:37:07.000,1,3.24,20.5,2.5,5.4,1.0,32.4
1,2024-01-05T13:46:47.000,2024-01-05T13:54:15.000,1,0.6,8.6,2.5,0.0,1.0,12.6
2,2024-01-26T23:18:46.000,2024-01-26T23:20:49.000,1,0.35,4.4,1.0,0.0,1.0,9.4
2,2024-01-16T22:46:24.000,2024-01-16T22:55:28.000,1,1.8,10.7,1.0,1.0,1.0,16.7
2,2024-01-06T13:42:15.000,2024-01-06T13:53:22.000,1,1.41,12.1,0.0,0.0,1.0,16.1
2,2024-01-10T18:05:28.000,2024-01-10T18:20:57.000,1,2.3,15.6,2.5,4.42,1.0,26.52
1,2024-01-11T12:45:47.000,2024-01-11T12:54:05.000,1,0.9,7.9,2.5,2.4,1.0,14.3
2,2024-01-14T18:17:41.000,2024-01-14T18:26:40.000,1,1.21,10.0,0.0,2.8,1.0,16.8
2,2024-01-16T19:01:48.000,2024-01-16T19:15:20.000,2,2.2,14.2,2.5,5.18,1.0,25.88
2,2024-01-22T18:52:57.000,2024-01-22T19:07:51.000,1,2.24,16.3,2.5,4.0,1.0,26.8
1,2024-01-16T17:48:42.000,2024-01-16T18:30:24.000,1,10.1,46.4,11.75,13.3,1.0,79.89
1,2024-01-31T11:05:08.000,2024-01-31T11:10:35.000,2,0.6,6.5,2.5,3.15,1.0,13.65
2,2024-01-01T15:45:51.000,2024-01-01T16:03:44.000,1,1.96,16.3,0.0,4.06,1.0,24.36
2,2024-01-19T13:01:36.000,2024-01-19T13:05:48.000,1,0.72,6.5,0.0,2.1,1.0,12.6
2,2024-01-26T07:45:08.000,2024-01-26T07:58:39.000,1,1.75,14.2,0.0,4.55,1.0,22.75
2,2024-01-26T23:52:24.000,2024-01-26T23:59:11.000,1,0.4,7.2,1.0,0.0,1.0,12.2
1,2024-01-05T17:58:31.000,2024-01-05T18:34:08.000,2,17.4,90.0,0.0,0.0,1.0,91.0
1,2024-01-03T02:30:18.000,2024-01-03T02:41:26.000,1,3.4,17.0,3.5,4.4,1.0,26.4
1,2024-01-23T08:06:26.000,2024-01-23T08:11:42.000,1,0.7,6.5,0.0,3.0,1.0,11.0
2,2024-01-07T22:30:21.000,2024-01-07T22:36:07.000,1,1.07,7.9,1.0,2.58,1.0,15.48
2,2024-01-30T09:41:29.000,2024-01-30T09:50:27.000,1,1.09,10.0,0.0,2.0,1.0,16.0
2,2024-01-21T08:57:58.000,2024-01-21T09:00:56.000,1,1.15,6.5,0.0,1.26,1.0,11.76
2,2024-01-17T18:31:37.000,2024-01-17T18:47:51.000,1,1.44,14.2,2.5,4.14,1.0,24.84
2,2024-01-11T23:49:36.000,2024-01-12T00:01:18.000,1,1.98,13.5,1.0,0.0,1.0,16.0
2,2024-01-17T20:32:55.000,2024-01-17T20:54:28.000,1,4.09,22.6,1.0,2.76,1.0,30.36
2,2024-01-06T12:47:17.000,2024-01-06T12:47:24.000,2,0.0,58.0,5.0,14.19,1.0,86.88
2,2024-01-06T23:41:08.000,2024-01-07T00:03:42.000,1,5.34,26.8,1.0,6.36,1.0,38.16
2,2024-01-19T09:38:57.000,2024-01-19T09:53:40.000,1,1.05,14.2,0.0,4.55,1.0,22.75
2,2024-01-19T09:30:06.000,2024-01-19T10:13:30.000,2,28.08,144.4,5.0,5.0,1.0,164.59
2,2024-01-18T20:42:45.000,2024-01-18T21:19:58.000,1,11.5,51.3,1.0,5.0,1.0,61.3
2,2024-01-07T11:42:25.000,2024-01-07T11:52:58.000,1,2.14,13.5,0.0,1.0,1.0,18.5
2,2024-01-04T15:08:15.000,2024-01-04T15:39:03.000,1,11.25,47.1,5.0,8.0,1.0,71.04
2,2024-01-17T19:06:45.000,2024-01-17T19:11:57.000,1,0.69,7.2,2.5,2.24,1.0,13.44
2,2024-01-11T22:22:50.000,2024-01-11T22:37:29.000,1,3.59,17.7,1.0,4.54,1.0,27.24
2,2024-01-02T19:39:17.000,2024-01-02T19:43:53.000,2,1.14,7.9,2.5,2.88,1.0,17.28
2,2024-01-16T11:42:56.000,2024-01-16T11:50:03.000,1,0.9,8.6,0.0,1.5,1.0,14.1
2,2024-01-14T11:33:55.000,2024-01-14T11:38:22.000,1,1.7,8.6,0.0,2.52,1.0,15.12
2,2024-01-09T18:58:02.000,2024-01-09T19:07:51.000,1,1.34,10.7,2.5,3.44,1.0,20.64
2,2024-01-21T18:26:48.000,2024-01-21T18:34:46.000,2,1.08,9.3,0.0,2.66,1.0,15.96
2,2024-01-24T16:22:29.000,2024-01-24T16:37:00.000,1,1.65,13.5,2.5,0.0,1.0,20.0
1,2024-01-26T02:52:31.000,2024-01-26T02:56:52.000,1,1.4,7.9,3.5,2.55,1.0,15.45
1,2024-01-31T17:11:21.000,2024-01-31T17:37:24.000,1,2.3,19.8,5.0,2.0,1.0,28.3
2,2024-01-16T10:23:39.000,2024-01-16T11:12:39.000,1,3.35,39.4,0.0,6.51,1.0,49.91
2,2024-01-20T20:17:02.000,2024-01-20T20:22:52.000,2,1.21,7.9,1.0,2.58,1.0,15.48
2,2024-01-29T12:17:50.000,2024-01-29T12:29:28.000,1,1.19,11.4,0.0,3.08,1.0,18.48
2,2024-01-10T09:22:04.000,2024-01-10T09:29:31.000,1,1.14,8.6,0.0,2.52,1.0,15.12
2,2024-01-29T06:41:46.000,2024-01-29T06:52:05.000,1,2.37,12.8,0.0,0.0,1.0,16.8
2,2024-01-26T21:31:53.000,2024-01-26T21:31:57.000,1,0.0,25.0,0.0,0.0,1.0,28.5
2,2024-01-31T20:08:59.000,2024-01-31T20:16:41.000,2,1.22,9.3,1.0,2.7,1.0,17.0
2,2024-01-28T21:32:38.000,2024-01-28T21:41:41.000,2,1.77,10.7,1.0,3.14,1.0,18.84
2,2024-01-18T22:38:18.000,2024-01-18T23:00:04.000,1,4.76,24.7,1.0,4.46,1.0,34.16
1,2024-01-27T17:20:34.000,2024-01-27T17:26:05.000,1,0.9,7.2,2.5,2.24,1.0,13.44
2,2024-01-25T22:59:15.000,2024-01-25T23:22:35.000,1,4.0,24.0,1.0,5.8,1.0,34.8
2,2024-01-20T19:40:44.000,2024-01-20T20:09:56.000,2,2.24,24.7,0.0,7.17,1.0,35.87
2,2024-01-27T06:33:37.000,2024-01-27T06:46:19.000,1,4.23,19.1,0.0,2.0,1.0,25.1
2,2024-01-05T12:12:29.000,2024-01-05T12:29:44.000,1,2.29,17.0,0.0,4.2,1.0,25.2
2,2024-01-11T08:50:18.000,2024-01-11T09:02:37.000,6,2.12,13.5,0.0,3.5,1.0,21.0
2,2024-01-22T16:53:44.000,2024-01-22T17:02:29.000,1,1.49,10.7,2.5,1.0,1.0,18.2
2,2024-01-13T19:10:22.000,2024-01-13T19:14:59.000,1,1.02,7.2,0.0,0.0,1.0,11.2
2,2024-01-16T14:19:01.000,2024-01-16T15:00:58.000,1,6.19,38.0,0.0,7.56,1.0,49.56
2,2024-01-19T11:22:06.000,2024-01-19T11:30:10.000,5,0.75,8.6,0.0,1.0,1.0,13.6
2,2024-01-27T12:17:12.000,2024-01-27T12:25:53.000,1,0.96,-9.3,0.0,0.0,-1.0,-13.3
2,2024-01-07T16:01:23.000,2024-01-07T16:10:34.000,2,1.1,10.0,0.0,0.0,1.0,14.0
2,2024-01-14T22:50:16.000,2024-01-14T23:05:19.000,1,3.83,19.8,1.0,2.0,1.0,26.8
2,2024-01-14T12:42:06.000,2024-01-14T12:47:21.000,2,0.76,6.5,0.0,2.1,1.0,12.6
2,2024-01-04T17:56:49.000,2024-01-04T18:25:16.000,1,3.08,26.1,2.5,6.52,1.0,39.12
1,2024-01-31T12:32:11.000,2024-01-31T13:03:37.000,1,3.4,25.4,2.5,5.9,1.0,35.3
2,2024-01-15T23:40:22.000,2024-01-16T00:08:33.000,2,9.73,42.2,1.0,9.44,1.0,56.64
1,2024-01-10T19:36:50.000,2024-01-10T19:46:11.000,1,1.5,9.3,5.0,5.2,1.0,21.0
2,2024-01-01T08:32:51.000,2024-01-01T08:58:16.000,3,9.62,40.8,5.0,11.35,1.0,69.84
2,2024-01-10T22:55:17.000,2024-01-10T23:06:14.000,1,1.86,12.1,1.0,3.42,1.0,20.52
2,2024-01-08T18:46:40.000,2024-01-08T19:03:15.000,1,3.5,19.1,2.5,4.0,1.0,29.6
1,2024-01-30T14:45:11.000,2024-01-30T14:59:15.000,1,2.1,14.2,2.5,4.0,1.0,22.2
2,2024-01-16T12:31:02.000,2024-01-16T12:53:39.000,1,2.79,21.2,0.0,2.0,1.0,27.2
1,2024-01-02T18:49:53.000,2024-01-02T19:07:46.000,1,1.4,16.3,5.0,5.7,1.0,28.5
1,2024-01-02T05:13:44.000,2024-01-02T06:26:52.000,1,10.5,42.5,0.0,0.0,1.0,50.94
2,2024-01-16T09:34:49.000,2024-01-16T10:01:22.000,1,2.08,21.9,0.0,0.0,1.0,25.9
1,2024-01-04T15:14:23.000,2024-01-04T15:36:02.000,0,1.7,18.4,2.5,0.0,1.0,22.4
2,2024-01-25T07:32:07.000,2024-01-25T07:47:04.000,1,2.77,16.3,0.0,3.7,1.0,24.0
1,2024-01-29T14:31:07.000,2024-01-29T14:34:40.000,1,0.6,5.8,2.5,0.0,1.0,9.8
2,2024-01-31T10:16:52.000,2024-01-31T10:23:51.000,3,0.77,-7.9,0.0,0.0,-1.0,-11.9
1,2024-01-12T12:57:06.000,2024-01-12T13:18:49.000,2,2.4,17.7,2.5,2.0,1.0,23.7
2,2024-01-10T17:52:54.000,2024-01-10T18:10:20.000,1,0.0,14.9,2.5,2.0,1.0,23.4
2,2024-01-15T18:37:32.000,2024-01-15T18:43:05.000,1,1.03,7.9,0.0,0.0,1.0,11.9
2,2024-01-31T20:53:53.000,2024-01-31T21:09:14.000,1,2.19,14.9,1.0,2.0,1.0,21.9
2,2024-01-22T23:29:18.000,2024-01-22T23:38:39.000,1,2.04,12.1,1.0,3.42,1.0,20.52
2,2024-01-06T01:49:40.000,2024-01-06T01:56:40.000,1,2.13,10.7,1.0,3.14,1.0,18.84
1,2024-01-12T18:12:27.000,2024-01-12T18:27:30.000,1,3.2,18.4,5.0,4.95,1.0,29.85
2,2024-01-13T21:13:03.000,2024-01-13T21:26:15.000,1,2.83,15.6,1.0,4.12,1.0,24.72
1,2024-01-14T16:46:11.000,2024-01-14T16:53:21.000,2,1.6,10.0,5.0,4.95,1.0,21.45
1,2024-01-14T00:57:40.000,2024-01-14T01:06:31.000,1,1.2,10.0,3.5,3.75,1.0,18.75
2,2024-01-20T03:57:16.000,2024-01-20T04:19:27.000,6,6.13,31.0,1.0,0.0,1.0,36.0
1,2024-01-25T09:09:46.000,2024-01-25T09:37:20.000,1,8.8,38.0,2.5,0.0,1.0,42.0
2,2024-01-23T14:08:47.000,2024-01-23T14:22:02.000,1,1.95,14.2,0.0,0.0,1.0,18.2
2,2024-01-14T22:45:00.000,2024-01-14T23:00:34.000,6,3.74,19.1,1.0,2.89,1.0,26.99
2,2024-01-24T17:57:37.000,2024-01-24T18:07:21.000,2,0.83,10.0,2.5,4.12,1.0,20.62
2,2024-01-18T23:20:36.000,2024-01-18T23:25:56.000,1,0.91,7.2,1.0,0.0,1.0,12.2
1,2024-01-02T21:56:57.000,2024-01-02T22:30:24.000,2,15.9,61.8,3.5,13.35,1.0,80.15
2,2024-01-07T00:51:29.000,2024-01-07T00:58:21.000,2,1.27,8.6,1.0,2.72,1.0,16.32
2,2024-01-25T13:42:16.000,2024-01-25T13:44:14.000,2,0.45,4.4,0.0,2.1,1.0,10.5
1,2024-01-11T20:01:42.000,2024-01-11T20:10:33.000,2,1.2,9.3,3.5,0.0,1.0,14.3
2,2024-01-23T19:42:08.000,2024-01-23T19:46:52.000,1,0.77,6.5,2.5,1.3,1.0,14.3
2,2024-01-12T19:15:21.000,2024-01-12T19:44:33.000,1,10.87,45.0,7.5,5.0,1.0,60.75
1,2024-01-02T18:35:19.000,2024-01-02T18:43:57.000,1,1.2,8.6,5.0,3.0,1.0,18.1
2,2024-01-17T12:12:21.000,2024-01-17T12:25:49.000,1,1.17,12.8,0.0,1.5,1.0,18.3
1,2024-01-05T23:30:55.000,2024-01-05T23:32:45.000,1,0.7,5.1,3.5,2.5,1.0,12.6
2,2024-01-17T11:26:50.000,2024-01-17T12:05:53.000,1,4.35,34.5,0.0,0.0,1.0,38.5
2,2024-01-19T06:36:09.000,2024-01-19T06:44:26.000,1,2.44,12.1,0.0,0.0,1.0,16.1
2,2024-01-26T18:45:13.000,2024-01-26T18:58:34.000,2,1.52,12.8,2.5,5.79,1.0,25.09
2,2024-01-15T18:50:00.000,2024-01-15T18:55:58.000,1,0.88,7.2,0.0,2.24,1.0,13.44
2,2024-01-27T02:42:24.000,2024-01-27T02:49:30.000,2,0.89,8.6,1.0,1.0,1.0,14.6
1,2024-01-17T17:06:12.000,2024-01-17T17:09:41.000,1,0.4,5.8,5.0,1.85,1.0,14.15
2,2024-01-23T20:08:32.000,2024-01-23T20:28:52.000,3,2.63,19.1,1.0,6.03,1.0,30.13
2,2024-01-21T00:33:34.000,2024-01-21T00:45:20.000,2,5.25,23.3,1.0,4.24,1.0,32.54
2,2024-01-28T16:31:11.000,2024-01-28T16:54:18.000,1,3.24,22.6,0.0,5.32,1.0,31.92
2,2024-01-20T13:24:52.000,2024-01-20T13:51:13.000,1,6.54,32.4,0.0,7.28,1.0,43.68
2,2024-01-19T22:21:02.000,2024-01-19T22:34:42.000,1,2.46,15.6,1.0,4.12,1.0,24.72
2,2024-01-30T08:48:53.000,2024-01-30T09:21:31.000,1,6.92,35.9,0.0,11.97,1.0,51.87
2,2024-01-09T08:56:58.000,2024-01-09T09:04:17.000,1,0.86,7.9,0.0,2.38,1.0,14.28
2,2024-01-24T17:59:04.000,2024-01-24T18:33:32.000,2,9.08,40.1,7.5,8.0,1.0,66.54
2,2024-01-31T00:43:14.000,2024-01-31T00:48:27.000,2,1.64,8.6,1.0,2.72,1.0,16.32
2,2024-01-10T14:19:03.000,2024-01-10T14:51:28.000,1,16.8,85.3,5.0,10.0,1.0,109.99
2,2024-01-10T10:16:33.000,2024-01-10T10:22:08.000,1,0.76,7.2,0.0,2.24,1.0,13.44
1,2024-01-31T13:53:52.000,2024-01-31T14:09:13.000,1,2.4,16.3,2.5,2.0,1.0,22.3
1,2024-01-18T19:30:07.000,2024-01-18T19:49:37.000,1,4.8,22.6,5.0,0.01,1.0,29.11
2,2024-01-08T07:31:22.000,2024-01-08T07:56:52.000,1,8.15,38.7,0.0,0.0,1.0,42.7
1,2024-01-10T13:07:11.000,2024-01-10T13:10:17.000,1,0.3,5.1,2.5,2.0,1.0,11.1
2,2024-01-12T15:09:47.000,2024-01-12T15:16:20.000,2,1.13,8.6,0.0,2.52,1.0,15.12
2,2024-01-15T08:15:04.000,2024-01-15T08:24:55.000,1,1.98,12.1,0.0,2.42,1.0,18.52
2,2024-01-08T17:11:31.000,2024-01-08T17:18:14.000,1,1.0,8.6,2.5,4.53,1.0,19.63
2,2024-01-30T19:27:23.000,2024-01-30T19:32:09.000,2,0.83,7.2,2.5,1.37,1.0,15.07
1,2024-01-24T18:47:03.000,2024-01-24T18:52:21.000,1,0.6,7.2,5.0,0.0,1.0,13.7
2,2024-01-25T19:40:58.000,2024-01-25T19:57:40.000,1,9.85,34.5,2.5,0.0,1.0,40.25
2,2024-01-31T19:09:00.000,2024-01-31T19:43:02.000,1,7.32,36.6,2.5,8.62,1.0,51.72
2,2024-01-30T19:59:31.000,2024-01-30T20:07:05.000,1,0.99,8.6,1.0,2.72,1.0,16.32
2,2024-01-24T12:06:05.000,2024-01-24T12:30:47.000,6,2.05,21.2,0.0,6.3,1.0,31.5
2,2024-01-17T21:06:46.000,2024-01-17T21:30:30.000,3,19.28,70.2,1.0,19.91,1.0,101.3
2,2024-01-17T04:35:49.000,2024-01-17T05:10:46.000,1,15.33,70.0,0.0,16.19,1.0,97.13
1,2024-01-12T21:19:23.000,2024-01-12T21:30:16.000,1,1.3,10.0,3.5,0.0,1.0,15.0
1,2024-01-02T14:52:22.000,2024-01-02T15:11:46.000,1,2.7,17.0,2.5,3.5,1.0,24.5
2,2024-01-21T13:31:50.000,2024-01-21T14:22:13.000,1,17.47,70.0,0.0,0.0,1.0,82.69
2,2024-01-02T15:43:06.000,2024-01-02T15:52:42.000,1,1.96,12.1,0.0,0.0,1.0,16.1
2,2024-01-06T16:03:58.000,2024-01-06T16:18:35.000,1,2.06,14.9,0.0,3.78,1.0,22.68
2,2024-01-18T19:43:04.000,2024-01-18T19:52:31.000,1,1.3,10.7,2.5,3.44,1.0,20.64
2,2024-01-27T16:09:52.000,2024-01-27T16:23:51.000,1,1.45,13.5,0.0,0.0,1.0,17.5
2,2024-01-17T20:38:05.000,2024-01-17T20:54:16.000,1,2.54,17.0,1.0,4.4,1.0,26.4
